timestamp,seq,x,y,latency_ms,drift_ms
1771402394.087777,1,1059,549,0.16,0.77
1771402394.104204,2,1056,578,0.20,1.05
1771402394.120069,3,1051,588,0.16,0.81
1771402394.136525,4,1047,596,0.13,0.88
1771402394.152221,5,1041,605,0.14,0.68
1771402394.168337,6,1034,614,0.18,0.89
1771402394.183811,7,1026,621,0.16,0.74
1771402394.199963,8,1017,627,0.17,0.81
1771402394.215820,9,1009,633,0.11,0.57
1771402394.231623,10,1000,637,0.14,0.76
1771402394.247571,11,989,641,0.13,0.69
1771402394.264489,12,980,643,0.14,0.74
1771402394.279773,13,968,644,0.15,0.65
1771402394.296634,14,957,644,0.16,0.72
1771402394.312157,15,948,643,0.13,0.59
1771402394.328088,16,937,641,0.14,0.75
1771402394.344109,17,928,640,0.10,0.56
1771402394.360033,18,917,636,0.12,0.75
1771402394.376133,19,907,631,0.11,0.62
1771402394.392113,20,898,625,0.12,0.80
1771402394.407729,21,890,619,0.09,0.55
1771402394.423694,22,883,611,0.15,0.79
1771402394.439598,23,876,604,0.09,0.44
1771402394.456554,24,871,596,0.14,0.82
1771402394.473133,25,864,586,0.23,1.22
1771402394.488389,26,861,577,0.10,0.69
1771402394.504919,27,857,566,0.12,1.09
1771402394.520551,28,854,556,0.10,0.69
1771402394.536883,29,853,545,0.20,1.05
1771402394.552232,30,854,535,0.12,0.77
1771402394.568224,31,855,525,0.12,0.76
1771402394.583871,32,857,514,0.11,0.82
1771402394.600034,33,860,504,0.13,0.70
1771402394.616348,34,863,494,0.11,0.70
1771402394.632311,35,868,484,0.12,0.67
1771402394.647800,36,874,475,0.09,0.59
1771402394.663739,37,881,469,0.12,0.71
1771402394.680503,38,888,461,0.09,0.66
1771402394.696489,39,896,455,0.15,0.82
1771402394.712346,40,905,449,0.07,0.52
1771402394.728307,41,915,443,0.12,0.70
1771402394.743821,42,925,438,0.13,0.74
1771402394.759813,43,934,436,0.15,0.77
1771402394.776119,44,946,433,0.09,0.58
1771402394.791873,45,955,434,0.09,0.55
1771402394.808502,46,965,434,0.09,0.90
1771402394.824485,47,976,436,0.12,0.69
1771402394.839381,48,986,438,0.08,0.52
1771402394.856305,49,997,440,0.14,0.78
1771402394.871982,50,1008,446,0.16,1.08
1771402394.888083,51,1016,450,0.10,0.61
1771402394.904920,52,1023,456,0.19,1.32
1771402394.920390,53,1032,463,0.14,0.78
1771402394.936475,54,1039,470,0.15,0.89
1771402394.951903,55,1045,479,0.10,0.66
1771402394.968165,56,1052,488,0.16,0.96
1771402394.983239,57,1056,497,0.07,0.41
1771402395.000549,58,1059,507,0.13,0.88
1771402395.016350,59,1062,517,0.10,0.60
1771402395.032320,60,1065,529,0.16,0.67
1771402395.047559,61,1065,539,0.09,0.55
1771402395.064328,62,1064,549,0.10,0.59
1771402395.080340,63,1062,559,0.09,0.53
1771402395.096157,64,1060,569,0.10,0.61
1771402395.112498,65,1056,579,0.11,0.67
1771402395.128318,66,1053,590,0.12,0.67
1771402395.143323,67,1046,599,0.08,0.47
1771402395.160107,68,1039,607,0.10,0.66
1771402395.175556,69,1033,614,0.08,0.44
1771402395.191629,70,1025,621,0.13,0.73
1771402395.207585,71,1016,627,0.12,0.46
1771402395.224379,72,1007,633,0.09,0.58
1771402395.239677,73,997,638,0.05,0.40
1771402395.256702,74,987,640,0.18,0.88
1771402395.272074,75,977,643,0.06,0.37
1771402395.287870,76,967,644,0.11,0.67
1771402395.303558,77,957,644,0.06,0.43
1771402395.320331,78,946,643,0.09,0.56
1771402395.336248,79,936,641,0.06,0.66
1771402395.352177,80,925,638,0.10,0.68
1771402395.368700,81,916,635,0.17,1.20
1771402395.384144,82,906,631,0.10,0.82
1771402395.400122,83,896,625,0.11,0.61
1771402395.416604,84,890,618,0.11,0.71
1771402395.432814,85,881,610,0.13,0.96
1771402395.448271,86,875,603,0.08,0.51
1771402395.464203,87,870,594,0.11,0.68
1771402395.480606,88,863,584,0.15,0.83
1771402395.496594,89,860,576,0.11,0.70
1771402395.512527,90,856,565,0.14,0.77
1771402395.528356,91,855,553,0.11,0.66
1771402395.544495,92,854,544,0.12,0.66
1771402395.560178,93,853,532,0.09,0.51
1771402395.575407,94,855,522,0.10,0.55
1771402395.592455,95,857,513,0.12,0.77
1771402395.607608,96,860,501,0.11,0.48
1771402395.624462,97,864,493,0.10,0.63
1771402395.639636,98,868,484,0.12,0.52
1771402395.656650,99,876,475,0.12,0.80
1771402395.672295,100,883,467,0.08,0.45
1771402395.688181,101,889,459,0.10,0.72
1771402395.703845,102,898,454,0.17,0.71
1771402395.719683,103,906,447,0.08,0.63
1771402395.736643,104,915,443,0.11,0.81
1771402395.751723,105,927,439,0.17,0.86
1771402395.768135,106,937,435,0.12,1.29
1771402395.784100,107,947,434,0.10,0.65
1771402395.800897,108,958,433,0.36,1.27
1771402395.816334,109,967,434,0.08,0.48
1771402395.832445,110,978,436,0.11,0.92
1771402395.848652,111,989,438,0.14,0.92
1771402395.863573,112,1000,442,0.12,0.73
1771402395.879443,113,1008,445,0.07,0.43
1771402395.896195,114,1018,452,0.11,0.60
1771402395.911646,115,1027,458,0.11,0.63
1771402395.927315,116,1033,464,0.09,0.48
1771402395.943600,117,1041,472,0.09,0.57
1771402395.960369,118,1047,480,0.11,0.64
1771402395.975260,119,1052,490,0.08,0.42
1771402395.991992,120,1057,500,0.08,0.60
1771402396.007592,121,1061,510,0.11,0.57
1771402396.024254,122,1063,520,0.08,0.54
1771402396.039224,123,1064,529,0.07,0.39
1771402396.056224,124,1064,540,0.16,0.86
1771402396.071616,125,1063,551,0.09,0.43
1771402396.088130,126,1061,562,0.07,0.40
1771402396.103185,127,1060,572,0.04,0.30
1771402396.120081,128,1056,582,0.10,0.72
1771402396.135845,129,1051,590,0.05,0.56
1771402396.151296,130,1045,601,0.07,0.41
1771402396.168092,131,1039,607,0.11,0.64
1771402396.183625,132,1031,616,0.10,0.76
1771402396.199515,133,1024,622,0.09,0.56
1771402396.216400,134,1016,628,0.11,0.62
1771402396.232728,135,1006,634,0.21,1.04
1771402396.248213,136,997,637,0.09,0.66
1771402396.264167,137,986,641,0.10,0.69
1771402396.279473,138,976,643,0.10,0.64
1771402396.296470,139,965,645,0.16,0.82
1771402396.311698,140,954,645,0.12,0.80
1771402396.328602,141,944,643,0.12,0.69
1771402396.344436,142,933,641,0.11,0.74
1771402396.360486,143,923,638,0.11,0.73
1771402396.376404,144,915,634,0.10,0.59
1771402396.392088,145,904,630,0.08,0.49
1771402396.407702,146,896,624,0.13,0.58
1771402396.423567,147,887,617,0.14,0.72
1771402396.439983,148,879,608,0.10,0.58
1771402396.455893,149,873,601,0.14,0.72
1771402396.471897,150,869,593,0.11,0.59
1771402396.487681,151,862,583,0.13,0.58
1771402396.504267,152,859,573,0.06,0.47
1771402396.520141,153,857,563,0.11,0.63
1771402396.536140,154,854,552,0.09,0.47
1771402396.551854,155,854,541,0.07,0.51
1771402396.567806,156,853,530,0.07,0.38
1771402396.583711,157,856,521,0.12,0.67
1771402396.600209,158,858,510,0.13,1.01
1771402396.615798,159,860,500,0.10,0.68
1771402396.631509,160,865,492,0.09,0.66
1771402396.648195,161,870,482,0.09,0.56
1771402396.664228,162,876,473,0.12,0.89
1771402396.679889,163,884,466,0.08,0.51
1771402396.695544,164,892,458,0.08,0.53
1771402396.711475,165,899,452,0.06,0.40
1771402396.728322,166,909,447,0.11,0.66
1771402396.743582,167,918,442,0.09,0.55
1771402396.760346,168,926,439,0.10,0.63
1771402396.776157,169,939,436,0.09,0.56
1771402396.791880,170,949,433,0.08,0.54
1771402396.807923,171,960,433,0.07,0.49
1771402396.823831,172,971,434,0.13,0.80
1771402396.839842,173,980,436,0.09,0.58
1771402396.855486,174,991,438,0.09,0.59
1771402396.872033,175,999,442,0.11,0.60
1771402396.887857,176,1009,447,0.09,0.59
1771402396.904148,177,1018,451,0.06,0.38
1771402396.919857,178,1026,459,0.10,0.61
1771402396.936253,179,1036,465,0.10,0.56
1771402396.952019,180,1043,473,0.10,0.63
1771402396.967637,181,1049,482,0.05,0.43
1771402396.984224,182,1053,491,0.09,0.48
1771402397.000041,183,1058,501,0.05,0.43
1771402397.016300,184,1061,511,0.11,0.64
1771402397.032924,185,1062,520,0.10,0.74
1771402397.047792,186,1064,533,0.10,0.57
1771402397.063499,187,1064,543,0.08,0.58
1771402397.080319,188,1063,554,0.11,0.67
1771402397.096279,189,1062,565,0.16,0.72
1771402397.111270,190,1058,572,0.07,0.40
1771402397.128046,191,1055,582,0.10,0.60
1771402397.143824,192,1050,592,0.07,0.40
1771402397.159407,193,1045,601,0.06,0.40
1771402397.175371,194,1038,610,0.09,0.52
1771402397.192021,195,1030,617,0.08,0.48
1771402397.207935,196,1023,624,0.07,0.43
1771402397.223750,197,1012,630,0.10,0.56
1771402397.239215,198,1004,635,0.07,0.39
1771402397.256037,199,994,638,0.12,0.62
1771402397.271989,200,983,642,0.09,0.53
1771402397.287698,201,974,643,0.08,0.49
1771402397.304267,202,963,644,0.06,0.49
1771402397.319968,203,954,645,0.07,0.44
1771402397.335866,204,943,642,0.08,0.44
1771402397.351683,205,933,641,0.14,0.60
1771402397.367679,206,922,638,0.07,0.37
1771402397.384402,207,913,634,0.08,0.52
1771402397.399755,208,902,628,0.04,0.45
1771402397.415436,209,893,622,0.09,0.54
1771402397.431703,210,886,615,0.15,0.83
1771402397.448121,211,879,607,0.11,0.58
1771402397.463961,212,873,600,0.12,0.67
1771402397.479637,213,866,590,0.13,0.55
1771402397.496597,214,862,581,0.14,0.74
1771402397.512219,215,858,572,0.10,0.61
1771402397.528084,216,856,562,0.09,0.62
1771402397.544487,217,855,551,0.10,0.61
1771402397.560109,218,853,539,0.08,0.49
1771402397.576049,219,854,530,0.09,0.54
1771402397.591738,220,856,520,0.09,0.58
1771402397.608218,221,858,509,0.10,0.62
1771402397.623972,222,862,500,0.11,0.62
1771402397.639606,223,865,489,0.08,0.56
1771402397.656624,224,871,481,0.15,0.89
1771402397.671401,225,877,472,0.08,0.41
1771402397.688069,226,884,463,0.10,0.47
1771402397.703767,227,893,456,0.08,0.52
1771402397.719656,228,900,450,0.14,0.74
1771402397.736471,229,910,446,0.09,0.59
1771402397.752105,230,920,441,0.09,0.60
1771402397.767323,231,929,438,0.05,0.29
1771402397.784132,232,940,435,0.09,0.56
1771402397.799331,233,952,433,0.08,0.48
1771402397.815636,234,960,434,0.12,0.56
1771402397.831977,235,971,435,0.10,0.99
1771402397.847801,236,981,437,0.10,0.64
1771402397.863964,237,991,438,0.14,1.03
1771402397.879607,238,1002,442,0.10,0.51
1771402397.896918,239,1012,447,0.22,1.06
1771402397.912086,240,1021,453,0.11,0.68
1771402397.927821,241,1029,460,0.09,0.57
1771402397.944159,242,1036,467,0.09,0.54
1771402397.959905,243,1044,476,0.08,0.50
1771402397.975379,244,1049,484,0.08,0.53
1771402397.992090,245,1053,492,0.10,0.57
1771402398.008138,246,1059,503,0.09,0.59
1771402398.024127,247,1061,513,0.11,0.70
1771402398.040086,248,1063,523,0.07,0.54
1771402398.056030,249,1065,533,0.12,0.75
1771402398.072048,250,1065,543,0.11,0.66
1771402398.087825,251,1063,554,0.10,0.61
1771402398.104104,252,1061,564,0.07,0.53
1771402398.119848,253,1058,575,0.09,0.51
1771402398.135488,254,1054,585,0.05,0.30
1771402398.152350,255,1050,593,0.10,0.65
1771402398.167151,256,1043,604,0.04,0.31
1771402398.183939,257,1037,610,0.10,0.58
1771402398.199823,258,1029,617,0.09,0.52
1771402398.215860,259,1019,626,0.09,0.53
1771402398.232181,260,1012,630,0.20,1.26
1771402398.248236,261,1002,635,0.06,0.42
1771402398.264224,262,993,639,0.10,0.78
1771402398.280273,263,983,641,0.10,0.62
1771402398.296263,264,971,644,0.11,0.79
1771402398.312374,265,962,644,0.10,0.56
1771402398.327904,266,951,644,0.07,0.44
1771402398.343801,267,941,642,0.10,0.52
1771402398.359719,268,931,640,0.11,0.66
1771402398.376070,269,919,638,0.09,0.44
1771402398.391942,270,910,633,0.12,0.67
1771402398.408353,271,902,628,0.09,0.52
1771402398.424254,272,893,621,0.11,0.68
1771402398.439789,273,884,614,0.09,0.50
1771402398.455536,274,877,606,0.10,0.66
1771402398.472200,275,871,597,0.10,0.54
1771402398.488063,276,865,589,0.11,0.67
1771402398.503802,277,863,580,0.06,0.37
1771402398.519526,278,859,570,0.11,0.64
1771402398.535376,279,855,560,0.09,0.52
1771402398.552101,280,854,550,0.11,0.58
1771402398.567743,281,853,538,0.06,0.31
1771402398.583486,282,854,528,0.11,0.63
1771402398.599472,283,857,518,0.09,0.57
1771402398.616336,284,858,508,0.11,0.65
1771402398.632284,285,862,497,0.14,0.78
1771402398.648597,286,867,489,0.12,0.72
1771402398.665716,287,871,479,0.53,1.85
1771402398.679739,288,879,469,0.10,0.62
1771402398.696528,289,885,464,0.09,0.62
1771402398.712122,290,895,455,0.07,0.55
1771402398.728024,291,904,449,0.11,0.66
1771402398.743977,292,911,446,0.07,0.52
1771402398.759804,293,923,440,0.12,0.64
1771402398.776468,294,930,437,0.11,0.70
1771402398.792182,295,942,434,0.08,0.51
1771402398.808100,296,952,433,0.11,0.67
1771402398.823981,297,962,434,0.13,0.71
1771402398.840234,298,974,435,0.09,0.58
1771402398.856205,299,983,437,0.13,0.78
1771402398.871762,300,994,440,0.06,0.45
1771402398.887276,301,1004,443,0.07,0.41
1771402398.904173,302,1012,448,0.08,0.39
1771402398.919872,303,1021,454,0.07,0.50
1771402398.935207,304,1029,461,0.07,0.38
1771402398.951790,305,1036,468,0.07,0.40
1771402398.967733,306,1044,477,0.20,0.86
1771402398.983974,307,1050,485,0.07,0.46
1771402398.999942,308,1055,495,0.11,0.60
1771402399.016192,309,1058,504,0.08,0.54
1771402399.032255,310,1062,514,0.12,0.72
1771402399.048042,311,1064,524,0.09,0.59
1771402399.063846,312,1064,535,0.13,0.63
1771402399.079595,313,1065,546,0.08,0.42
1771402399.096538,314,1062,556,0.14,0.77
1771402399.112133,315,1060,567,0.09,0.59
1771402399.128045,316,1058,577,0.08,0.61
1771402399.143666,317,1053,587,0.11,0.65
1771402399.160366,318,1048,595,0.09,0.59
1771402399.176169,319,1042,604,0.11,0.69
1771402399.191877,320,1035,613,0.10,0.54
1771402399.208393,321,1028,619,0.07,0.51
1771402399.224238,322,1019,626,0.09,0.68
1771402399.239280,323,1010,632,0.07,0.39
1771402399.256091,324,1001,636,0.13,0.69
1771402399.271893,325,990,640,0.06,0.39
1771402399.287478,326,981,642,0.07,0.48
1771402399.303213,327,971,643,0.06,0.36
1771402399.319983,328,959,645,0.09,0.54
1771402399.335657,329,949,644,0.06,0.43
1771402399.352356,330,939,642,0.07,0.52
1771402399.368072,331,928,640,0.08,0.48
1771402399.384213,332,918,636,0.09,0.49
1771402399.400195,333,910,633,0.09,0.68
1771402399.416138,334,899,626,0.10,0.72
1771402399.431942,335,891,621,0.07,0.51
1771402399.448168,336,884,613,0.12,0.64
1771402399.464090,337,876,605,0.14,0.74
1771402399.479821,338,871,596,0.10,0.68
1771402399.495468,339,865,588,0.08,0.49
1771402399.512337,340,862,578,0.07,0.48
1771402399.528336,341,858,569,0.12,0.80
1771402399.543559,342,855,557,0.10,0.59
1771402399.560178,343,854,547,0.08,0.49
1771402399.575937,344,854,536,0.11,0.60
1771402399.591688,345,855,525,0.09,0.52
1771402399.608034,346,857,516,0.07,0.53
1771402399.623751,347,860,505,0.07,0.52
1771402399.639898,348,862,495,0.11,0.67
1771402399.655799,349,867,487,0.14,0.72
1771402399.672029,350,873,478,0.08,0.44
1771402399.687725,351,880,470,0.08,0.48
1771402399.703686,352,887,463,0.07,0.56
1771402399.719584,353,896,455,0.09,0.55
1771402399.737043,354,904,449,0.52,1.31
1771402399.752247,355,913,445,0.07,0.47
1771402399.768701,356,923,440,0.20,1.08
1771402399.784267,357,933,437,0.09,0.59
1771402399.800763,358,943,435,0.17,0.97
1771402399.816120,359,955,433,0.08,0.50
1771402399.832014,360,966,433,0.13,0.74
1771402399.847866,361,976,435,0.10,0.60
1771402399.863722,362,987,437,0.12,0.72
1771402399.879393,363,996,440,0.09,0.56
1771402399.896305,364,1004,444,0.12,0.74
1771402399.912286,365,1014,448,0.09,0.56
1771402399.928047,366,1023,454,0.09,0.61
1771402399.944284,367,1031,461,0.09,0.54
1771402399.960139,368,1039,469,0.11,0.68
1771402399.975851,369,1045,478,0.06,1.00
1771402399.991645,370,1051,487,0.12,0.70
1771402400.007553,371,1055,496,0.07,0.46
1771402400.024541,372,1058,506,0.10,0.77
1771402400.040062,373,1063,517,0.07,0.42
1771402400.056161,374,1064,527,0.15,0.81
1771402400.071201,375,1065,538,0.06,0.35
1771402400.088047,376,1065,549,0.10,0.60
1771402400.103937,377,1062,558,0.06,0.44
1771402400.119775,378,1060,569,0.11,0.68
1771402400.136142,379,1056,577,0.17,1.20
1771402400.151618,380,1053,587,0.08,0.55
1771402400.168762,381,1048,597,0.13,0.82
1771402400.183721,382,1041,606,0.08,0.51
1771402400.199512,383,1034,614,0.07,0.45
1771402400.215365,384,1026,621,0.08,0.53
1771402400.232175,385,1017,626,0.09,0.65
1771402400.247922,386,1010,632,0.08,0.47
1771402400.263862,387,998,637,0.09,0.64
1771402400.279635,388,989,641,0.11,0.52
1771402400.296491,389,980,643,0.10,0.65
1771402400.311725,390,968,644,0.12,0.58
1771402400.327524,391,958,644,0.11,0.67
1771402400.343909,392,946,643,0.10,0.58
1771402400.359746,393,935,642,0.09,0.63
1771402400.376274,394,928,640,0.10,0.59
1771402400.392092,395,918,636,0.10,0.64
1771402400.408129,396,908,631,0.10,0.56
1771402400.424076,397,899,625,0.09,0.62
1771402400.439676,398,890,619,0.07,0.51
1771402400.456518,399,884,611,0.10,0.64
1771402400.471423,400,876,604,0.06,0.43
1771402400.488171,401,870,595,0.09,0.55
1771402400.504085,402,864,585,0.07,0.45
1771402400.519744,403,860,576,0.07,0.48
1771402400.535583,404,857,566,0.12,0.68
1771402400.552071,405,854,556,0.09,0.54
1771402400.568190,406,853,545,0.13,0.82
1771402400.583441,407,853,536,0.10,0.59
1771402400.600606,408,855,526,0.12,0.70
1771402400.615720,409,857,515,0.08,0.48
1771402400.632554,410,860,505,0.09,0.72
1771402400.647679,411,864,494,0.12,0.55
1771402400.664516,412,868,484,0.12,0.66
1771402400.680400,413,874,476,0.09,0.54
1771402400.696061,414,882,466,0.09,0.51
1771402400.711811,415,888,460,0.09,0.62
1771402400.727566,416,897,454,0.11,0.67
1771402400.743749,417,905,448,0.16,0.59
1771402400.760524,418,914,445,0.10,0.64
1771402400.775691,419,926,439,0.11,0.62
1771402400.792446,420,935,437,0.09,0.59
1771402400.807622,421,946,434,0.09,0.52
1771402400.824459,422,957,434,0.08,0.69
1771402400.839635,423,965,434,0.10,0.47
1771402400.856653,424,976,436,0.14,0.80
1771402400.872249,425,986,438,0.07,0.46
1771402400.888067,426,997,440,0.11,0.64
1771402400.903814,427,1007,445,0.07,0.42
1771402400.919634,428,1016,450,0.11,0.75
1771402400.936545,429,1024,456,0.11,0.71
1771402400.951516,430,1033,463,0.10,0.64
1771402400.968325,431,1039,470,0.09,0.58
1771402400.983730,432,1045,479,0.12,0.63
1771402400.999660,433,1052,488,0.09,0.53
1771402401.016390,434,1056,498,0.09,0.65
1771402401.032689,435,1060,508,0.12,0.78
1771402401.048055,436,1062,517,0.07,0.53
1771402401.063999,437,1065,529,0.10,0.72
1771402401.079868,438,1065,538,0.10,0.57
1771402401.095631,439,1064,549,0.09,0.58
1771402401.111630,440,1062,559,0.10,0.54
1771402401.128532,441,1060,569,0.11,0.68
1771402401.143814,442,1056,580,0.10,0.59
1771402401.159742,443,1051,590,0.12,0.70
1771402401.176214,444,1047,598,0.10,0.69
1771402401.192158,445,1039,608,0.10,0.75
1771402401.207660,446,1033,614,0.11,0.55
1771402401.224440,447,1026,620,0.08,0.57
1771402401.239797,448,1016,627,0.09,0.57
1771402401.255626,449,1007,633,0.12,0.62
1771402401.271213,450,997,638,0.06,0.37
1771402401.288119,451,986,641,0.10,0.66
1771402401.304260,452,977,642,0.07,0.38
1771402401.320042,453,968,644,0.10,0.58
1771402401.335773,454,957,644,0.07,0.48
1771402401.351281,455,946,643,0.06,0.43
1771402401.368084,456,935,641,0.07,0.54
1771402401.384115,457,925,638,0.09,0.51
1771402401.400869,458,916,635,0.12,1.29
1771402401.415365,459,907,631,0.08,0.52
1771402401.432159,460,896,625,0.09,0.58
1771402401.447345,461,888,618,0.07,0.42
1771402401.464050,462,880,610,0.08,0.51
1771402401.479894,463,875,602,0.11,0.78
1771402401.495768,464,870,594,0.15,0.76
1771402401.512232,465,863,584,0.09,0.55
1771402401.528149,466,860,576,0.11,0.78
1771402401.544324,467,856,565,0.08,0.61
1771402401.559979,468,855,553,0.11,0.55
1771402401.576041,469,854,544,0.06,0.42
1771402401.591916,470,853,533,0.09,0.64
1771402401.608188,471,855,522,0.08,0.50
1771402401.623945,472,857,513,0.09,0.66
1771402401.639597,473,860,502,0.11,0.50
1771402401.656293,474,864,493,0.10,0.57
1771402401.672234,475,868,484,0.05,0.35
1771402401.687998,476,876,475,0.11,0.62
1771402401.703949,477,883,466,0.05,0.49
1771402401.719746,478,889,459,0.10,0.66
1771402401.735309,479,899,451,0.07,0.47
1771402401.752357,480,906,448,0.09,0.59
1771402401.768083,481,915,443,0.09,0.52
1771402401.784314,482,926,438,0.06,0.57
1771402401.800672,483,936,436,0.14,0.78
1771402401.815329,484,947,434,0.09,0.48
1771402401.832063,485,958,433,0.08,0.52
1771402401.847256,486,968,434,0.06,0.42
1771402401.864031,487,979,436,0.07,0.56
1771402401.879820,488,989,438,0.06,0.45
1771402401.895527,489,999,442,0.07,0.53
1771402401.911329,490,1009,445,0.07,0.43
1771402401.928103,491,1017,451,0.09,0.58
1771402401.944038,492,1026,457,0.07,0.45
1771402401.959908,493,1033,464,0.11,0.63
1771402401.975796,494,1040,472,0.06,0.49
1771402401.991401,495,1047,480,0.07,0.50
1771402402.007584,496,1052,490,0.07,0.45
1771402402.024179,497,1057,500,0.07,0.42
1771402402.040146,498,1061,510,0.10,0.54
1771402402.055970,499,1063,520,0.10,0.66
1771402402.072110,500,1064,529,0.06,0.35
1771402402.087651,501,1064,540,0.06,0.37
1771402402.104190,502,1063,550,0.06,0.34
1771402402.119897,503,1061,561,0.09,0.50
1771402402.135324,504,1060,572,0.04,0.30
1771402402.152128,505,1056,582,0.10,0.57
1771402402.167853,506,1051,591,0.06,0.59
1771402402.183684,507,1045,601,0.10,0.57
1771402402.199586,508,1039,607,0.12,0.68
1771402402.216026,509,1031,616,0.10,0.57
1771402402.231978,510,1024,624,0.12,0.82
1771402402.248060,511,1015,629,0.06,0.39
1771402402.263833,512,1005,634,0.10,0.63
1771402402.279640,513,997,637,0.06,0.40
1771402402.296593,514,987,640,0.11,0.74
1771402402.311592,515,974,643,0.08,0.42
1771402402.328314,516,966,645,0.08,0.51
1771402402.344086,517,954,645,0.09,0.50
1771402402.359862,518,943,643,0.10,0.63
1771402402.376212,519,934,641,0.09,0.58
1771402402.391914,520,922,638,0.08,0.59
1771402402.407393,521,913,634,0.09,0.54
1771402402.424004,522,905,630,0.07,0.39
1771402402.440081,523,896,624,0.06,0.34
1771402402.455696,524,888,617,0.09,0.49
1771402402.472137,525,881,609,0.06,0.35
1771402402.487783,526,873,601,0.07,0.43
1771402402.503727,527,867,591,0.06,0.35
1771402402.520574,528,863,584,0.10,0.70
1771402402.535716,529,859,573,0.05,0.34
1771402402.552258,530,857,563,0.06,0.42
1771402402.568332,531,854,553,0.12,0.88
1771402402.583852,532,854,541,0.11,0.67
1771402402.599836,533,854,531,0.09,0.55
1771402402.615572,534,855,520,0.11,0.65
1771402402.632640,535,858,510,0.12,0.91
1771402402.647757,536,860,500,0.09,0.56
1771402402.663582,537,865,492,0.13,0.70
1771402402.680433,538,870,482,0.09,0.67
1771402402.696243,539,876,473,0.11,0.59
1771402402.711556,540,884,466,0.07,0.41
1771402402.728280,541,891,459,0.09,0.51
1771402402.743466,542,899,451,0.10,0.62
1771402402.760146,543,909,447,0.10,0.51
1771402402.775979,544,918,442,0.11,0.63
1771402402.791642,545,929,438,0.07,0.48
1771402402.807394,546,939,436,0.08,0.53
1771402402.824277,547,949,433,0.10,0.66
1771402402.840403,548,959,433,0.09,0.63
1771402402.856469,549,969,434,0.14,0.91
1771402402.872195,550,980,436,0.06,0.33
1771402402.887789,551,991,438,0.07,0.45
1771402402.904331,552,1001,442,0.08,0.44
1771402402.920057,553,1010,447,0.06,0.53
1771402402.935865,554,1018,451,0.08,0.44
1771402402.951638,555,1026,459,0.12,0.62
1771402402.968169,556,1035,465,0.06,0.43
1771402402.983865,557,1043,473,0.09,0.60
1771402402.999992,558,1049,482,0.11,0.71
1771402403.015488,559,1053,491,0.10,0.59
1771402403.032628,560,1057,500,0.18,1.77
1771402403.048478,561,1061,511,0.10,0.61
1771402403.064358,562,1062,521,0.19,0.82
1771402403.079821,563,1064,532,0.09,0.59
1771402403.095546,564,1064,544,0.12,0.66
1771402403.111989,565,1063,554,0.10,0.62
1771402403.127632,566,1061,564,0.09,0.53
1771402403.143773,567,1058,574,0.10,0.57
1771402403.160585,568,1055,582,0.11,0.69
1771402403.175670,569,1050,592,0.12,0.62
1771402403.192272,570,1044,600,0.08,0.50
1771402403.207988,571,1038,609,0.10,0.48
1771402403.223965,572,1030,618,0.11,0.60
1771402403.240381,573,1023,623,0.08,0.50
1771402403.256435,574,1013,630,0.12,0.76
1771402403.271946,575,1004,635,0.10,0.50
1771402403.287490,576,994,638,0.06,0.43
1771402403.303879,577,983,642,0.06,0.37
1771402403.319630,578,974,643,0.12,0.58
1771402403.335827,579,962,644,0.06,0.33
1771402403.351644,580,952,645,0.11,0.73
1771402403.367928,581,942,642,0.05,0.29
1771402403.383730,582,931,641,0.08,0.62
1771402403.400144,583,923,638,0.14,0.89
1771402403.415727,584,913,634,0.12,0.67
1771402403.433210,585,903,628,0.12,0.87
1771402403.447801,586,894,622,0.07,0.56
1771402403.463593,587,886,615,0.11,0.69
1771402403.479821,588,879,607,0.09,0.66
1771402403.495599,589,872,600,0.12,0.55
1771402403.511739,590,866,590,0.12,0.69
1771402403.527565,591,861,581,0.11,0.69
1771402403.544127,592,858,572,0.10,0.48
1771402403.559845,593,856,562,0.09,0.55
1771402403.576202,594,855,551,0.10,0.66
1771402403.592151,595,853,539,0.10,0.61
1771402403.607961,596,854,530,0.10,0.51
1771402403.623725,597,856,520,0.07,0.55
1771402403.639372,598,858,510,0.07,0.47
1771402403.656459,599,862,500,0.15,0.83
1771402403.672456,600,865,489,0.09,0.59
1771402403.688246,601,871,481,0.11,0.60
1771402403.704216,602,877,473,0.06,0.35
1771402403.720046,603,886,463,0.11,0.62
1771402403.735179,604,894,456,0.04,0.31
1771402403.751927,605,902,450,0.10,0.56
1771402403.767660,606,911,445,0.04,0.44
1771402403.784406,607,918,442,0.10,0.54
1771402403.800446,608,929,438,0.13,0.94
1771402403.816017,609,939,435,0.09,0.57
1771402403.831740,610,951,434,0.08,0.61
1771402403.847981,611,961,434,0.09,0.58
1771402403.863774,612,971,435,0.12,0.69
1771402403.879921,613,981,437,0.09,0.47
1771402403.895700,614,991,438,0.08,0.59
1771402403.911816,615,1002,442,0.06,0.41
1771402403.927676,616,1012,447,0.10,0.63
1771402403.943916,617,1021,453,0.10,0.59
1771402403.959968,618,1029,460,0.09,0.73
1771402403.975671,619,1036,467,0.09,0.54
1771402403.992283,620,1043,475,0.10,0.50
1771402404.007780,621,1049,484,0.10,0.55
1771402404.023588,622,1053,492,0.10,0.69
1771402404.039502,623,1059,503,0.10,0.58
1771402404.056323,624,1061,513,0.11,0.70
1771402404.071795,625,1063,523,0.06,0.36
1771402404.087731,626,1065,535,0.12,0.68
1771402404.103182,627,1065,543,0.06,0.34
1771402404.119982,628,1063,554,0.10,0.63
1771402404.135798,629,1061,564,0.06,0.37
1771402404.151587,630,1058,574,0.11,0.69
1771402404.167984,631,1054,585,0.05,0.31
1771402404.183922,632,1050,593,0.10,0.71
1771402404.200291,633,1044,604,0.05,0.60
1771402404.216223,634,1037,610,0.11,0.65
1771402404.232706,635,1029,617,0.20,1.14
1771402404.248242,636,1020,625,0.09,0.49
1771402404.264236,637,1011,631,0.14,0.80
1771402404.280373,638,1002,635,0.10,0.57
1771402404.296259,639,992,640,0.11,0.67
1771402404.311762,640,983,643,0.10,0.64
1771402404.327534,641,971,644,0.08,0.61
1771402404.343631,642,962,644,0.10,0.49
1771402404.360474,643,952,644,0.10,0.64
1771402404.376157,644,941,642,0.10,0.64
1771402404.391892,645,931,640,0.10,0.59
1771402404.408271,646,921,638,0.07,0.47
1771402404.424042,647,909,632,0.10,0.60
1771402404.439692,648,902,628,0.07,0.56
1771402404.456855,649,894,621,0.18,0.96
1771402404.471572,650,884,613,0.06,0.33
1771402404.488344,651,878,607,0.10,0.55
1771402404.503428,652,871,597,0.07,0.39
1771402404.520187,653,865,589,0.10,0.57
1771402404.535758,654,861,580,0.05,0.33
1771402404.551442,655,857,569,0.10,0.58
1771402404.568435,656,855,560,0.12,0.88
1771402404.584049,657,854,550,0.09,0.53
1771402404.600300,658,854,539,0.12,0.77
1771402404.616038,659,855,528,0.10,0.44
1771402404.631936,660,857,518,0.14,0.78
1771402404.648279,661,858,508,0.06,0.40
1771402404.664281,662,862,496,0.13,0.83
1771402404.679973,663,867,487,0.10,0.64
1771402404.695551,664,871,479,0.09,0.47
1771402404.711832,665,879,469,0.09,0.66
1771402404.727825,666,885,463,0.13,0.74
1771402404.744296,667,894,457,0.10,0.53
1771402404.760103,668,903,450,0.12,0.60
1771402404.776120,669,911,446,0.09,0.56
1771402404.791759,670,922,440,0.10,0.52
1771402404.807957,671,933,436,0.08,0.52
1771402404.823879,672,942,434,0.10,0.76
1771402404.840278,673,952,433,0.09,0.48
1771402404.856055,674,962,434,0.14,0.63
1771402404.871731,675,973,435,0.06,0.36
1771402404.887486,676,983,437,0.10,0.63
1771402404.904018,677,995,440,0.06,0.36
1771402404.919905,678,1004,443,0.10,0.64
1771402404.935166,679,1012,448,0.05,0.33
1771402404.952129,680,1023,454,0.11,0.67
1771402404.967785,681,1029,461,0.07,0.49
1771402404.983566,682,1036,468,0.07,0.67
1771402405.000801,683,1044,476,0.12,0.74
1771402405.015722,684,1049,485,0.11,0.59
1771402405.032113,685,1055,495,0.14,0.83
1771402405.048029,686,1060,504,0.11,0.69
1771402405.063906,687,1062,514,0.09,0.67
1771402405.079653,688,1064,526,0.12,0.56
1771402405.096589,689,1064,534,0.11,0.75
1771402405.112054,690,1064,546,0.10,0.62
1771402405.127981,691,1062,556,0.11,0.68
1771402405.143522,692,1060,566,0.09,0.63
1771402405.160328,693,1058,577,0.09,0.63
1771402405.176137,694,1053,587,0.09,0.57
1771402405.192014,695,1048,595,0.10,0.67
1771402405.207763,696,1042,604,0.10,0.61
1771402405.223693,697,1035,613,0.13,0.77
1771402405.240280,698,1028,619,0.08,0.56
1771402405.256350,699,1019,625,0.13,0.81
1771402405.271382,700,1010,632,0.08,0.43
1771402405.288195,701,1001,636,0.10,0.61
1771402405.303801,702,990,640,0.06,0.40
1771402405.319601,703,981,642,0.08,0.56
1771402405.335536,704,971,643,0.07,0.38
1771402405.352149,705,959,645,0.08,0.44
1771402405.368237,706,949,644,0.14,0.89
1771402405.383707,707,939,642,0.06,0.40
1771402405.400016,708,928,640,0.13,0.89
1771402405.415860,709,918,636,0.10,0.60
1771402405.431782,710,910,633,0.11,0.80
1771402405.447823,711,900,627,0.08,0.57
1771402405.463620,712,891,621,0.09,0.70
1771402405.480466,713,885,613,0.12,0.75
1771402405.496305,714,877,605,0.08,0.60
1771402405.512288,715,872,597,0.08,0.57
1771402405.528203,716,865,588,0.11,0.61
1771402405.543937,717,861,577,0.12,0.62
1771402405.559764,718,858,568,0.12,0.69
1771402405.575929,719,855,556,0.09,0.54
1771402405.591626,720,854,547,0.11,0.56
1771402405.607830,721,854,537,0.06,0.41
1771402405.623501,722,855,525,0.10,0.61
1771402405.639991,723,857,516,0.10,0.60
1771402405.655788,724,860,505,0.12,0.68
1771402405.671801,725,862,495,0.10,0.60
1771402405.687461,726,867,487,0.08,0.58
1771402405.703701,727,873,478,0.08,0.45
1771402405.720518,728,880,470,0.10,0.64
1771402405.735491,729,887,463,0.08,0.48
1771402405.752581,730,895,455,0.10,0.94
1771402405.768034,731,904,449,0.13,0.97
1771402405.783814,732,914,444,0.10,0.71
1771402405.800650,733,923,440,0.16,1.10
1771402405.816400,734,933,436,0.11,0.65
1771402405.832131,735,943,435,0.07,0.51
1771402405.847813,736,954,433,0.12,0.64
1771402405.863829,737,966,433,0.16,0.79
1771402405.880128,738,976,435,0.10,0.64
1771402405.896007,739,986,437,0.11,0.68
1771402405.912122,740,996,440,0.10,0.59
1771402405.927884,741,1004,444,0.10,0.56
1771402405.943913,742,1014,448,0.07,0.55
1771402405.959851,743,1023,454,0.10,0.72
1771402405.975233,744,1031,461,0.06,0.34
1771402405.991978,745,1039,469,0.08,0.53
1771402406.007623,746,1044,478,0.11,0.56
1771402406.024368,747,1050,486,0.08,0.51
1771402406.040246,748,1055,496,0.08,0.46
1771402406.056214,749,1059,507,0.14,0.78
1771402406.071604,750,1063,517,0.07,0.44
1771402406.088336,751,1064,527,0.10,0.55
1771402406.103782,752,1066,538,0.07,0.43
1771402406.119649,753,1064,548,0.08,0.60
1771402406.135447,754,1062,558,0.06,0.37
1771402406.152267,755,1061,570,0.10,0.60
1771402406.168200,756,1056,579,0.06,0.62
1771402406.184030,757,1053,587,0.10,0.63
1771402406.201451,758,1048,597,0.11,1.01
1771402406.216144,759,1041,606,0.10,0.59
1771402406.232069,760,1034,613,0.12,0.69
1771402406.248201,761,1026,621,0.10,0.58
1771402406.264027,762,1017,626,0.11,0.69
1771402406.279404,763,1010,632,0.10,0.55
1771402406.296243,764,998,637,0.11,0.69
1771402406.311829,765,989,641,0.09,0.59
1771402406.327501,766,980,643,0.10,0.55
1771402406.343901,767,968,644,0.10,0.64
1771402406.359617,768,958,644,0.09,0.53
1771402406.376295,769,947,643,0.08,0.51
1771402406.391962,770,936,641,0.09,0.54
1771402406.407610,771,926,640,0.09,0.56
1771402406.424347,772,918,636,0.10,0.57
1771402406.440130,773,907,631,0.09,0.61
1771402406.455995,774,899,625,0.14,0.73
1771402406.471191,775,891,619,0.06,0.35
1771402406.488041,776,882,611,0.11,0.70
1771402406.503221,777,876,604,0.07,0.36
1771402406.520094,778,870,595,0.07,0.62
1771402406.535885,779,864,585,0.07,0.60
1771402406.551937,780,860,576,0.11,0.71
1771402406.568032,781,857,566,0.13,0.91
1771402406.584299,782,855,556,0.08,0.55
1771402406.600810,783,853,546,0.11,0.90
1771402406.615764,784,853,534,0.09,0.63
1771402406.631851,785,855,523,0.11,0.79
1771402406.648162,786,857,512,0.08,0.70
1771402406.664021,787,860,504,0.10,0.56
1771402406.679541,788,864,495,0.09,0.57
1771402406.696445,789,868,485,0.10,0.68
1771402406.712301,790,874,477,0.09,0.58
1771402406.728171,791,881,467,0.10,0.62
1771402406.744183,792,889,460,0.09,0.54
1771402406.760249,793,897,454,0.15,0.85
1771402406.775841,794,905,448,0.09,0.61
1771402406.791758,795,914,444,0.10,0.68
1771402406.808523,796,925,439,0.10,0.62
1771402406.824309,797,935,437,0.10,0.57
1771402406.840177,798,946,434,0.07,0.48
1771402406.856026,799,957,434,0.10,0.63
1771402406.871668,800,966,434,0.21,0.64
1771402406.888272,801,976,436,0.07,0.44
1771402406.903332,802,986,438,0.09,0.43
1771402406.920177,803,996,440,0.10,0.59
1771402406.935341,804,1007,445,0.06,0.40
1771402406.952200,805,1016,450,0.10,0.63
1771402406.968019,806,1026,456,0.11,0.68
1771402406.983993,807,1033,463,0.07,0.42
1771402407.001070,808,1039,470,0.15,1.61
1771402407.015643,809,1045,479,0.12,0.62
1771402407.031791,810,1051,489,0.10,0.70
1771402407.047886,811,1056,499,0.09,0.63
1771402407.063829,812,1060,508,0.14,0.80
1771402407.080367,813,1062,517,0.08,0.52
1771402407.096177,814,1065,529,0.12,0.64
1771402407.111704,815,1065,538,0.08,0.48
1771402407.128340,816,1064,548,0.09,0.51
1771402407.144122,817,1062,560,0.09,0.46
1771402407.159785,818,1060,569,0.10,0.54
1771402407.176105,819,1056,580,0.09,0.53
1771402407.191993,820,1051,591,0.12,0.75
1771402407.208081,821,1047,598,0.09,0.50
1771402407.224010,822,1039,607,0.11,0.72
1771402407.239923,823,1033,614,0.07,0.50
1771402407.255860,824,1025,621,0.13,0.81
1771402407.272255,825,1016,629,0.09,0.54
1771402407.287851,826,1007,633,0.08,0.49
1771402407.303488,827,997,638,0.07,0.42
1771402407.320181,828,987,640,0.09,0.51
1771402407.336190,829,977,642,0.13,0.75
1771402407.351710,830,966,644,0.08,0.48
1771402407.367446,831,957,644,0.09,0.54
1771402407.383899,832,946,643,0.09,0.73
1771402407.400645,833,936,641,0.25,1.32
1771402407.415649,834,926,638,0.06,0.62
1771402407.432655,835,916,635,0.13,0.78
1771402407.447923,836,905,631,0.11,0.65
1771402407.463923,837,896,625,0.13,0.78
1771402407.479715,838,888,618,0.13,0.67
1771402407.495508,839,880,610,0.10,0.61
1771402407.511705,840,874,602,0.12,0.64
1771402407.528588,841,870,594,0.11,0.69
1771402407.544106,842,863,584,0.10,0.67
1771402407.559946,843,860,574,0.10,0.66
1771402407.576233,844,857,566,0.09,0.49
1771402407.591978,845,854,553,0.09,0.54
1771402407.608161,846,854,544,0.07,0.42
1771402407.623928,847,853,534,0.06,0.55
1771402407.639890,848,855,522,0.09,0.69
1771402407.655483,849,857,513,0.07,0.42
1771402407.671385,850,860,502,0.07,0.41
1771402407.688124,851,864,492,0.09,0.54
1771402407.704245,852,870,484,0.09,0.51
1771402407.720150,853,876,475,0.10,0.65
1771402407.735855,854,883,466,0.07,0.45
1771402407.751686,855,891,459,0.12,0.62
1771402407.768740,856,897,452,0.17,0.92
1771402407.783470,857,908,447,0.10,0.61
1771402407.799672,858,917,443,0.12,0.72
1771402407.815629,859,926,438,0.08,0.53
1771402407.832575,860,936,436,0.09,0.75
1771402407.847735,861,948,434,0.12,0.69
1771402407.863763,862,957,433,0.22,0.88
1771402407.879371,863,968,434,0.07,0.54
1771402407.896183,864,979,436,0.10,0.65
1771402407.912334,865,988,438,0.09,0.52
1771402407.927947,866,999,442,0.09,0.49
1771402407.943585,867,1009,445,0.09,0.60
1771402407.960216,868,1017,451,0.10,0.52
1771402407.975725,869,1027,458,0.09,0.52
1771402407.992390,870,1032,463,0.10,0.55
1771402408.007570,871,1040,472,0.10,0.51
1771402408.024323,872,1047,480,0.08,0.54
1771402408.039582,873,1052,490,0.11,0.68
1771402408.056657,874,1057,500,0.18,0.90
1771402408.071843,875,1061,510,0.07,0.48
1771402408.087488,876,1063,521,0.07,0.53
1771402408.104000,877,1064,529,0.07,0.42
1771402408.119918,878,1064,541,0.12,0.73
1771402408.135779,879,1063,551,0.10,0.67
1771402408.151785,880,1061,561,0.07,0.54
1771402408.168072,881,1060,572,0.12,0.91
1771402408.184382,882,1056,581,0.08,0.53
1771402408.201018,883,1051,590,0.11,0.75
1771402408.215773,884,1045,601,0.11,0.66
1771402408.231685,885,1039,609,0.12,0.74
1771402408.248089,886,1031,617,0.11,0.66
1771402408.264067,887,1023,624,0.10,0.74
1771402408.279406,888,1015,629,0.07,0.47
1771402408.296181,889,1005,634,0.09,0.57
1771402408.311992,890,996,639,0.11,0.54
1771402408.327723,891,986,641,0.09,0.55
1771402408.343998,892,974,643,0.08,0.55
1771402408.359972,893,965,645,0.10,0.74
1771402408.376016,894,954,645,0.08,0.57
1771402408.391851,895,943,643,0.11,0.67
1771402408.407664,896,934,641,0.09,0.68
1771402408.424332,897,924,638,0.08,0.44
1771402408.439927,898,913,634,0.08,0.51
1771402408.455887,899,905,630,0.11,0.69
1771402408.472262,900,897,624,0.08,0.46
1771402408.487990,901,887,617,0.10,0.54
1771402408.503807,902,881,609,0.06,0.43
1771402408.519657,903,873,601,0.07,0.54
1771402408.536382,904,867,591,0.07,0.57
1771402408.552192,905,862,582,0.07,0.41
1771402408.567973,906,859,573,0.10,0.65
1771402408.583854,907,857,563,0.07,0.41
1771402408.600035,908,854,553,0.11,0.77
1771402408.616049,909,854,542,0.07,0.68
1771402408.631879,910,854,531,0.16,0.79
1771402408.647977,911,856,521,0.06,0.39
1771402408.663871,912,858,510,0.14,0.75
1771402408.679711,913,860,500,0.08,0.49
1771402408.695430,914,865,492,0.08,0.57
1771402408.711881,915,870,482,0.08,0.51
1771402408.727726,916,876,473,0.13,0.66
1771402408.744124,917,884,466,0.10,0.58
1771402408.760331,918,892,458,0.15,0.95
1771402408.775343,919,899,452,0.08,0.49
1771402408.792057,920,909,447,0.08,0.52
1771402408.808327,921,918,442,0.07,0.48
1771402408.824046,922,929,438,0.09,0.51
1771402408.839804,923,939,436,0.09,0.53
1771402408.855535,924,949,433,0.08,0.51
1771402408.871707,925,960,433,0.06,0.39
1771402408.887321,926,970,434,0.06,0.47
1771402408.903443,927,980,436,0.07,0.42
1771402408.920278,928,990,438,0.10,0.56
1771402408.935600,929,1001,442,0.08,0.44
1771402408.952250,930,1009,447,0.07,0.46
1771402408.967940,931,1019,451,0.06,0.49
1771402408.983329,932,1027,459,0.07,0.47
1771402409.000873,933,1034,465,0.10,0.97
1771402409.015815,934,1043,475,0.07,0.48
1771402409.032121,935,1048,482,0.11,0.93
1771402409.048121,936,1053,491,0.06,0.40
1771402409.063922,937,1058,501,0.11,0.58
1771402409.079591,938,1061,510,0.09,0.48
1771402409.096393,939,1063,521,0.11,0.57
1771402409.112053,940,1064,532,0.11,0.66
1771402409.127783,941,1064,543,0.10,0.58
1771402409.143945,942,1063,554,0.07,0.42
1771402409.159615,943,1061,565,0.09,0.50
1771402409.175759,944,1058,574,0.07,0.57
1771402409.191481,945,1055,582,0.09,0.60
1771402409.208021,946,1050,592,0.11,0.58
1771402409.223904,947,1044,601,0.11,0.66
1771402409.239319,948,1038,609,0.09,0.48
1771402409.256151,949,1030,617,0.12,0.66
1771402409.271622,950,1023,624,0.07,0.43
1771402409.288258,951,1013,630,0.08,0.47
1771402409.304240,952,1003,634,0.06,0.39
1771402409.319962,953,994,638,0.09,0.52
1771402409.335527,954,983,642,0.08,0.46
1771402409.352136,955,974,643,0.08,0.45
1771402409.367791,956,963,644,0.06,0.37
1771402409.383401,957,952,645,0.08,0.53
1771402409.400222,958,942,642,0.08,0.51
1771402409.416311,959,931,641,0.05,0.41
1771402409.432008,960,921,638,0.11,0.56
1771402409.447649,961,913,634,0.08,0.55
1771402409.464402,962,903,628,0.10,0.62
1771402409.480021,963,894,622,0.11,0.59
1771402409.495732,964,887,615,0.08,0.58
1771402409.511953,965,879,607,0.09,0.59
1771402409.527836,966,872,599,0.12,0.68
1771402409.544291,967,867,591,0.06,0.41
1771402409.560039,968,861,581,0.08,0.52
1771402409.576069,969,858,572,0.07,0.41
1771402409.591852,970,856,561,0.12,0.67
1771402409.608004,971,855,550,0.10,0.56
1771402409.623855,972,853,539,0.09,0.60
1771402409.639622,973,854,528,0.09,0.59
1771402409.656498,974,856,519,0.13,0.71
1771402409.671885,975,858,508,0.07,0.38
1771402409.687419,976,862,500,0.07,0.40
1771402409.704119,977,865,490,0.06,0.39
1771402409.719783,978,871,481,0.07,0.54
1771402409.736021,979,877,473,0.08,0.50
1771402409.751788,980,885,463,0.10,0.60
1771402409.767427,981,893,456,0.07,0.41
1771402409.784130,982,902,450,0.10,0.61
1771402409.800269,983,910,446,0.11,0.89
1771402409.816191,984,919,442,0.11,0.57
1771402409.832285,985,929,438,0.11,0.80
1771402409.847514,986,939,435,0.07,0.48
1771402409.864222,987,951,434,0.08,0.52
1771402409.879639,988,962,434,0.11,0.60
1771402409.896378,989,970,435,0.13,0.58
1771402409.911851,990,981,437,0.07,0.54
1771402409.927627,991,991,438,0.12,0.59
1771402409.943380,992,1001,442,0.07,0.44
1771402409.959973,993,1013,447,0.06,0.44
1771402409.975861,994,1021,453,0.07,0.42
1771402409.991498,995,1029,460,0.07,0.44
1771402410.007888,996,1036,467,0.12,0.55
1771402410.023859,997,1043,476,0.10,0.78
1771402410.040328,998,1049,484,0.07,0.51
1771402410.056283,999,1054,494,0.12,0.77
1771402410.072357,1000,1058,503,0.08,0.60
1771402410.088207,1001,1061,513,0.10,0.62
1771402410.103466,1002,1063,523,0.08,0.39
1771402410.120216,1003,1065,534,0.07,0.55
1771402410.135908,1004,1065,544,0.11,0.58
1771402410.151595,1005,1063,554,0.08,0.47
1771402410.167821,1006,1061,564,0.06,0.37
1771402410.183619,1007,1058,574,0.09,0.56
1771402410.200585,1008,1054,584,0.21,1.37
1771402410.215502,1009,1050,595,0.10,0.59
1771402410.233657,1010,1044,603,1.23,2.05
1771402410.247577,1011,1037,610,0.09,0.58
1771402410.264274,1012,1029,619,0.09,0.56
1771402410.280180,1013,1020,624,0.10,0.56
1771402410.296113,1014,1011,631,0.12,0.76
1771402410.311848,1015,1002,636,0.09,0.55
1771402410.327736,1016,993,639,0.11,0.61
1771402410.343766,1017,983,643,0.11,0.63
1771402410.359374,1018,971,644,0.07,0.46
1771402410.375872,1019,962,644,0.09,0.57
1771402410.391789,1020,951,644,0.14,0.70
1771402410.407718,1021,941,642,0.09,0.57
1771402410.423541,1022,931,640,0.10,0.66
1771402410.439453,1023,920,638,0.08,0.54
1771402410.456367,1024,910,633,0.15,0.82
1771402410.471998,1025,902,628,0.09,0.65
1771402410.487749,1026,893,621,0.11,0.62
1771402410.503684,1027,884,614,0.07,0.40
1771402410.520298,1028,877,606,0.07,0.48
1771402410.535271,1029,871,597,0.05,0.35
1771402410.552121,1030,865,589,0.10,0.65
1771402410.567358,1031,861,580,0.04,0.30
1771402410.584061,1032,857,569,0.07,0.43
1771402410.600380,1033,855,560,0.10,0.71
1771402410.615742,1034,854,548,0.10,0.55
1771402410.631624,1035,854,539,0.09,0.57
1771402410.648072,1036,855,528,0.11,0.57
1771402410.663997,1037,857,517,0.12,0.74
1771402410.680495,1038,858,508,0.11,0.67
1771402410.696442,1039,862,498,0.14,0.76
1771402410.711827,1040,867,487,0.11,0.76
1771402410.727558,1041,871,479,0.10,0.64
1771402410.744045,1042,879,469,0.07,0.51
1771402410.759889,1043,887,462,0.10,0.64
1771402410.776431,1044,894,457,0.08,0.57
1771402410.792176,1045,903,450,0.08,0.47
1771402410.807555,1046,913,444,0.09,0.47
1771402410.824206,1047,922,440,0.08,0.46
1771402410.839943,1048,933,436,0.11,0.55
1771402410.855769,1049,942,434,0.08,0.64
1771402410.871715,1050,951,433,0.11,0.55
1771402410.887365,1051,962,434,0.09,0.51
1771402410.903444,1052,973,435,0.09,0.46
1771402410.920144,1053,983,437,0.09,0.50
1771402410.935650,1054,994,440,0.08,0.39
1771402410.952387,1055,1003,443,0.07,0.52
1771402410.967964,1056,1012,448,0.05,0.45
1771402410.984111,1057,1023,454,0.10,0.56
1771402411.000528,1058,1029,461,0.19,1.03
1771402411.015757,1059,1039,468,0.10,0.65
1771402411.032789,1060,1044,476,0.18,1.66
1771402411.047395,1061,1049,485,0.10,0.50
1771402411.064530,1062,1055,495,0.31,0.93
1771402411.080186,1063,1059,504,0.10,0.65
1771402411.096060,1064,1062,514,0.12,0.72
1771402411.112209,1065,1064,526,0.11,0.66
1771402411.128044,1066,1064,535,0.10,0.68
1771402411.144014,1067,1064,546,0.10,0.66
1771402411.159790,1068,1062,556,0.09,0.64
1771402411.176094,1069,1060,566,0.09,0.50
1771402411.192072,1070,1058,577,0.12,0.81
1771402411.207620,1071,1053,587,0.09,0.58
1771402411.224284,1072,1048,595,0.08,0.46
1771402411.239979,1073,1042,604,0.09,0.54
1771402411.255821,1074,1035,613,0.13,0.70
1771402411.271734,1075,1028,619,0.07,0.42
1771402411.287472,1076,1019,626,0.10,0.55
1771402411.304006,1077,1010,632,0.06,0.40
1771402411.319956,1078,1001,636,0.11,0.76
1771402411.335273,1079,990,640,0.07,0.40
1771402411.352127,1080,981,642,0.10,0.65
1771402411.368089,1081,971,643,0.06,0.31
1771402411.383840,1082,959,645,0.10,0.56
1771402411.399933,1083,949,644,0.11,0.68
1771402411.415524,1084,939,642,0.10,0.62
1771402411.433212,1085,928,640,0.10,0.72
1771402411.447932,1086,918,636,0.11,0.76
1771402411.463873,1087,910,633,0.13,0.72
1771402411.480554,1088,900,627,0.12,0.65
1771402411.496355,1089,891,621,0.10,0.63
1771402411.511949,1090,884,613,0.07,0.50
1771402411.527841,1091,876,605,0.09,0.66
1771402411.544317,1092,871,596,0.10,0.69
1771402411.559960,1093,864,586,0.07,0.51
1771402411.575984,1094,861,577,0.11,0.70
1771402411.591626,1095,858,569,0.09,0.48
1771402411.607742,1096,855,556,0.08,0.50
1771402411.623600,1097,854,548,0.12,0.72
1771402411.639427,1098,854,537,0.07,0.46
1771402411.656650,1099,855,526,0.15,0.96
1771402411.672052,1100,857,516,0.07,0.45
1771402411.687833,1101,860,505,0.07,0.45
1771402411.704452,1102,862,496,0.10,0.56
1771402411.720208,1103,867,486,0.07,0.57
1771402411.735890,1104,873,478,0.09,0.52
1771402411.751607,1105,880,470,0.08,0.53
1771402411.768036,1106,889,460,0.07,0.36
1771402411.783898,1107,896,455,0.10,0.65
1771402411.800264,1108,904,449,0.11,0.60
1771402411.816121,1109,914,443,0.10,0.67
1771402411.832035,1110,922,440,0.11,0.68
1771402411.848021,1111,933,436,0.11,0.74
1771402411.863916,1112,943,435,0.13,0.74
1771402411.879665,1113,954,434,0.09,0.55
1771402411.896625,1114,965,433,0.12,0.80
1771402411.911692,1115,975,436,0.11,0.63
1771402411.928539,1116,986,437,0.11,0.70
1771402411.944057,1117,996,440,0.10,0.61
1771402411.959766,1118,1007,444,0.11,0.58
1771402411.975937,1119,1014,448,0.06,0.31
1771402411.991829,1120,1023,456,0.13,0.67
1771402412.008368,1121,1031,461,0.09,0.48
1771402412.024268,1122,1038,469,0.11,0.68
1771402412.039265,1123,1044,478,0.07,0.39
1771402412.056299,1124,1050,486,0.16,0.85
1771402412.071334,1125,1055,496,0.07,0.37
1771402412.088044,1126,1059,507,0.10,0.60
1771402412.103915,1127,1063,517,0.12,0.60
1771402412.119810,1128,1064,527,0.11,0.68
1771402412.135516,1129,1065,538,0.08,0.41
1771402412.152499,1130,1064,547,0.12,0.80
1771402412.167365,1131,1062,558,0.05,0.30
1771402412.184226,1132,1060,569,0.10,0.59
1771402412.200372,1133,1056,578,0.10,0.59
1771402412.215515,1134,1053,588,0.07,0.52
1771402412.233303,1135,1048,597,0.68,1.53
1771402412.248286,1136,1041,605,0.10,0.57
1771402412.264217,1137,1034,613,0.10,0.72
1771402412.280197,1138,1026,621,0.11,0.66
1771402412.296024,1139,1017,626,0.10,0.63
1771402412.311840,1140,1007,633,0.11,0.56
1771402412.327644,1141,998,637,0.14,0.62
1771402412.343439,1142,989,641,0.09,0.58
1771402412.360323,1143,978,643,0.10,0.68
1771402412.375760,1144,969,644,0.07,0.49
1771402412.391566,1145,958,644,0.10,0.64
1771402412.407811,1146,946,643,0.10,0.64
1771402412.423784,1147,937,641,0.11,0.71
1771402412.439474,1148,926,640,0.10,0.59
1771402412.456570,1149,918,636,0.15,0.86
1771402412.471720,1150,908,631,0.07,0.52
1771402412.487471,1151,899,625,0.10,0.62
1771402412.503550,1152,891,619,0.06,0.36
1771402412.520300,1153,881,611,0.10,0.57
1771402412.535441,1154,876,604,0.05,0.35
1771402412.552311,1155,870,595,0.11,0.64
1771402412.568108,1156,864,585,0.06,0.64
1771402412.583910,1157,861,576,0.10,0.62
1771402412.600069,1158,857,566,0.11,0.86
1771402412.615856,1159,854,556,0.10,0.68
1771402412.631583,1160,853,545,0.09,0.63
1771402412.647719,1161,853,534,0.11,0.58
1771402412.664428,1162,855,524,0.12,0.73
1771402412.680423,1163,857,513,0.09,0.56
1771402412.696093,1164,860,503,0.10,0.57
1771402412.711783,1165,864,495,0.09,0.59
1771402412.727655,1166,868,484,0.13,0.78
1771402412.743724,1167,874,476,0.06,0.45
1771402412.760527,1168,881,468,0.11,0.67
1771402412.775771,1169,889,460,0.08,0.54
1771402412.791714,1170,897,455,0.15,0.69
1771402412.808031,1171,905,449,0.05,0.40
1771402412.823967,1172,915,444,0.12,0.79
1771402412.839893,1173,925,439,0.08,0.54
1771402412.855540,1174,936,436,0.07,0.51
1771402412.872280,1175,945,434,0.08,0.50
1771402412.888177,1176,957,434,0.10,0.69
1771402412.903953,1177,967,434,0.05,0.34
1771402412.919712,1178,977,436,0.10,0.64
1771402412.935474,1179,989,437,0.05,0.36
1771402412.952318,1180,996,440,0.11,0.70
1771402412.968083,1181,1006,445,0.07,0.54
1771402412.983665,1182,1016,450,0.13,0.60
1771402412.999764,1183,1025,456,0.10,0.64
1771402413.016298,1184,1033,463,0.10,0.61
1771402413.032352,1185,1039,470,0.11,0.67
1771402413.048323,1186,1046,479,0.09,0.48
1771402413.064261,1187,1051,489,0.10,0.68
1771402413.079767,1188,1056,499,0.10,0.71
1771402413.095459,1189,1060,508,0.10,0.61
1771402413.111780,1190,1062,518,0.10,0.68
1771402413.127551,1191,1065,529,0.11,0.64
1771402413.143938,1192,1065,540,0.11,0.68
1771402413.159664,1193,1064,549,0.11,0.53
1771402413.176550,1194,1062,559,0.10,0.67
1771402413.192446,1195,1060,569,0.10,0.65
1771402413.207901,1196,1056,579,0.09,0.65
1771402413.223699,1197,1051,590,0.10,0.59
1771402413.240149,1198,1046,599,0.09,0.62
1771402413.255894,1199,1039,608,0.09,0.56
1771402413.271515,1200,1033,616,0.06,0.43
1771402413.288297,1201,1026,620,0.10,0.59
1771402413.304009,1202,1016,629,0.05,0.35
1771402413.319878,1203,1007,633,0.10,0.66
1771402413.335872,1204,997,638,0.14,0.84
1771402413.352525,1205,987,640,0.10,0.64
1771402413.368160,1206,977,642,0.08,0.57
1771402413.384227,1207,966,644,0.08,0.51
1771402413.401072,1208,957,644,0.14,1.08
1771402413.415991,1209,946,643,0.10,0.61
1771402413.431933,1210,936,641,0.09,0.79
1771402413.448276,1211,926,638,0.09,0.55
1771402413.464204,1212,914,634,0.13,0.73
1771402413.479794,1213,905,630,0.10,0.58
1771402413.495580,1214,896,625,0.12,0.73
1771402413.511945,1215,887,618,0.08,0.59
1771402413.527855,1216,881,610,0.11,0.75
1771402413.543678,1217,874,603,0.09,0.57
1771402413.560486,1218,868,594,0.12,0.70
1771402413.575988,1219,863,584,0.08,0.56
1771402413.591896,1220,860,574,0.12,0.75
1771402413.608007,1221,856,563,0.07,0.41
1771402413.623896,1222,855,553,0.11,0.70
1771402413.640091,1223,854,544,0.07,0.49
1771402413.655975,1224,853,534,0.13,0.77
1771402413.671646,1225,856,523,0.10,0.49
1771402413.688457,1226,857,513,0.11,0.69
1771402413.703356,1227,860,502,0.05,0.38
1771402413.720098,1228,864,492,0.10,0.64
1771402413.735835,1229,870,484,0.07,0.55
1771402413.751840,1230,876,475,0.11,0.66
1771402413.767762,1231,883,466,0.09,0.69
1771402413.783476,1232,891,459,0.09,0.61
1771402413.799663,1233,898,452,0.11,0.58
1771402413.815603,1234,908,447,0.11,0.66
1771402413.832595,1235,917,443,0.13,0.78
1771402413.847774,1236,926,438,0.09,0.59
1771402413.863616,1237,936,436,0.11,0.70
1771402413.880114,1238,948,434,0.09,0.56
1771402413.896120,1239,957,433,0.11,0.71
1771402413.912014,1240,968,434,0.10,0.64
1771402413.927936,1241,978,436,0.11,0.68
1771402413.943922,1242,988,438,0.10,0.60
1771402413.959717,1243,999,442,0.14,0.62
1771402413.977321,1244,1008,445,0.07,1.47
1771402413.992258,1245,1017,451,0.11,0.70
1771402414.007488,1246,1026,457,0.09,0.50
1771402414.024287,1247,1035,464,0.10,0.61
1771402414.039568,1248,1041,472,0.09,0.49
1771402414.056361,1249,1047,480,0.12,0.63
1771402414.071836,1250,1052,490,0.07,0.40
1771402414.087767,1251,1057,500,0.10,0.68
1771402414.103690,1252,1061,510,0.11,0.61
1771402414.119330,1253,1063,521,0.08,0.48
1771402414.136516,1254,1064,529,0.14,1.04
1771402414.151908,1255,1064,540,0.10,0.61
1771402414.167841,1256,1063,551,0.14,0.80
1771402414.183745,1257,1061,561,0.27,0.90
1771402414.199716,1258,1060,573,0.16,0.70
1771402414.215994,1259,1056,582,0.10,0.55
1771402414.231974,1260,1051,590,0.12,0.84
1771402414.248160,1261,1045,601,0.11,0.76
1771402414.264001,1262,1038,609,0.10,0.63
1771402414.280392,1263,1031,615,0.10,0.64
1771402414.296132,1264,1024,624,0.10,0.68
1771402414.311944,1265,1015,629,0.08,0.58
1771402414.328673,1266,1006,633,0.55,1.58
1771402414.343302,1267,994,639,0.07,0.44
1771402414.360361,1268,986,641,0.21,0.83
1771402414.375650,1269,974,643,0.11,0.57
1771402414.392665,1270,966,645,0.14,0.84
1771402414.407714,1271,955,645,0.10,0.69
1771402414.424112,1272,943,643,0.15,0.81
1771402414.440623,1273,934,641,0.24,1.17
1771402414.456365,1274,922,638,0.24,1.06
1771402414.473002,1275,914,634,0.20,1.29
1771402414.488399,1276,905,630,0.10,0.62
1771402414.505002,1277,896,624,0.25,1.15
1771402414.520514,1278,888,617,0.10,0.74
1771402414.536654,1279,881,609,0.14,0.88
1771402414.551868,1280,872,601,0.12,0.73
1771402414.568003,1281,866,591,0.13,0.88
1771402414.583910,1282,862,581,0.09,0.56
1771402414.599791,1283,858,572,0.10,0.54
1771402414.615880,1284,857,563,0.08,0.56
1771402414.631811,1285,854,553,0.11,0.65
1771402414.647961,1286,854,542,0.10,0.70
1771402414.663866,1287,854,531,0.11,0.71
1771402414.679836,1288,856,521,0.09,0.57
1771402414.695646,1289,858,510,0.11,0.58
1771402414.711901,1290,860,500,0.11,0.61
1771402414.727758,1291,865,490,0.12,0.65
1771402414.743866,1292,870,482,0.10,0.60
1771402414.759764,1293,876,473,0.15,0.68
1771402414.775956,1294,884,464,0.10,0.66
1771402414.791771,1295,892,457,0.10,0.62
1771402414.808308,1296,899,452,0.09,0.58
1771402414.824027,1297,909,445,0.09,0.51
1771402414.840222,1298,918,443,0.09,0.53
1771402414.856202,1299,928,439,0.13,0.77
1771402414.871612,1300,940,434,0.11,0.51
1771402414.888253,1301,948,434,0.08,0.47
1771402414.904972,1302,959,433,0.16,1.40
1771402414.919741,1303,970,434,0.12,0.66
1771402414.936536,1304,980,437,0.10,0.65
1771402414.952009,1305,992,438,0.12,0.64
1771402414.968471,1306,1002,442,0.17,1.31
1771402414.984394,1307,1009,447,0.16,0.88
1771402415.000427,1308,1019,451,0.12,0.64
1771402415.016068,1309,1028,459,0.11,0.67
1771402415.032571,1310,1034,465,0.14,0.92
1771402415.048134,1311,1043,474,0.11,0.66
1771402415.063720,1312,1049,484,0.08,0.48
1771402415.079946,1313,1052,491,0.08,0.49
1771402415.095659,1314,1058,501,0.12,0.58
1771402415.111391,1315,1061,510,0.08,0.47
1771402415.128313,1316,1064,522,0.12,0.68
1771402415.144014,1317,1064,532,0.09,0.63
1771402415.159619,1318,1064,543,0.10,0.50
1771402415.175724,1319,1063,554,0.10,0.55
1771402415.192526,1320,1061,563,0.14,0.68
1771402415.207952,1321,1058,574,0.07,0.45
1771402415.223701,1322,1055,584,0.10,0.60
1771402415.240069,1323,1050,592,0.10,0.61
1771402415.255774,1324,1044,601,0.12,0.63
1771402415.272283,1325,1038,609,0.10,0.54
1771402415.288148,1326,1030,616,0.11,0.59
1771402415.303764,1327,1021,624,0.14,0.62
1771402415.320543,1328,1013,630,0.11,0.65
1771402415.335419,1329,1003,635,0.07,0.38
1771402415.352249,1330,994,638,0.11,0.69
1771402415.367790,1331,984,642,0.05,0.32
1771402415.383645,1332,974,643,0.11,0.78
1771402415.399924,1333,963,644,0.14,0.85
1771402415.416431,1334,952,645,0.11,0.74
1771402415.433572,1335,943,642,0.10,0.72
1771402415.448119,1336,931,641,0.08,0.57
1771402415.464211,1337,921,638,0.11,0.83
1771402415.480342,1338,913,634,0.08,0.59
1771402415.496137,1339,901,628,0.10,0.61
1771402415.512555,1340,895,622,0.11,0.68
1771402415.528459,1341,888,616,0.10,0.64
1771402415.543534,1342,877,607,0.07,0.58
1771402415.560275,1343,873,599,0.09,0.58
1771402415.575897,1344,866,590,0.07,0.51
1771402415.591561,1345,861,580,0.09,0.49
1771402415.607743,1346,858,570,0.14,0.66
1771402415.624032,1347,856,561,0.15,1.08
1771402415.640314,1348,855,551,0.07,0.46
1771402415.656530,1349,853,540,0.16,0.99
1771402415.671744,1350,854,529,0.11,0.52
1771402415.687393,1351,856,519,0.07,0.53
1771402415.703705,1352,857,507,0.07,0.37
1771402415.719396,1353,862,499,0.08,0.54
1771402415.735117,1354,865,489,0.04,0.29
1771402415.751780,1355,871,481,0.07,0.44
1771402415.767649,1356,877,473,0.07,0.40
1771402415.784440,1357,885,464,0.10,0.60
1771402415.799827,1358,893,457,0.17,0.97
1771402415.816240,1359,902,450,0.08,0.55
1771402415.832237,1360,910,444,0.12,0.69
1771402415.847915,1361,919,441,0.08,0.51
1771402415.863759,1362,929,438,0.11,0.62
1771402415.879648,1363,939,435,0.09,0.48
1771402415.896666,1364,950,434,0.17,0.88
1771402415.912327,1365,962,434,0.09,0.56
1771402415.928315,1366,973,435,0.11,0.78
1771402415.943429,1367,983,437,0.10,0.58
1771402415.960195,1368,994,438,0.08,0.60
1771402415.976130,1369,1002,442,0.10,0.55
1771402415.991934,1370,1011,447,0.12,0.70
1771402416.008259,1371,1020,453,0.10,0.53
1771402416.024125,1372,1028,460,0.12,0.68
1771402416.039528,1373,1036,467,0.09,0.52
1771402416.056438,1374,1043,475,0.16,0.77
1771402416.072040,1375,1049,484,0.06,0.43
1771402416.087900,1376,1054,494,0.15,0.63
1771402416.104011,1377,1059,503,0.09,0.41
1771402416.119977,1378,1061,513,0.10,0.69
1771402416.136397,1379,1063,522,0.07,0.55
1771402416.152091,1380,1065,534,0.11,0.64
1771402416.167969,1381,1065,545,0.10,0.66
1771402416.184395,1382,1063,553,0.11,0.67
1771402416.201444,1383,1061,564,0.13,1.57
1771402416.216082,1384,1058,574,0.09,0.55
1771402416.231989,1385,1054,584,0.08,0.63
1771402416.248100,1386,1049,596,0.10,0.64
1771402416.264090,1387,1043,605,0.08,0.75
1771402416.280068,1388,1037,610,0.10,0.62
1771402416.296045,1389,1029,619,0.10,0.70
1771402416.312125,1390,1020,624,0.09,0.72
1771402416.327961,1391,1011,631,0.10,0.66
1771402416.344428,1392,1002,635,0.09,0.59
1771402416.360152,1393,993,638,0.07,0.45
1771402416.376189,1394,983,643,0.10,0.51
1771402416.391874,1395,971,644,0.07,0.49
1771402416.408540,1396,960,644,0.12,0.74
1771402416.424404,1397,952,644,0.10,0.61
1771402416.440360,1398,941,642,0.09,0.54
1771402416.456382,1399,931,640,0.14,0.81
1771402416.471807,1400,920,638,0.06,0.37
1771402416.487290,1401,909,632,0.07,0.38
1771402416.503669,1402,901,628,0.12,0.57
1771402416.520324,1403,894,621,0.08,0.43
1771402416.535971,1404,884,614,0.06,0.39
1771402416.551652,1405,877,606,0.12,0.52
1771402416.567922,1406,871,597,0.10,0.48
1771402416.583765,1407,865,589,0.13,0.66
1771402416.599468,1408,861,580,0.05,0.31
1771402416.616042,1409,857,569,0.07,0.39
1771402416.632222,1410,855,560,0.20,1.01
1771402416.647583,1411,854,548,0.09,0.56
1771402416.664772,1412,854,539,0.15,0.86
1771402416.679834,1413,855,528,0.10,0.69
1771402416.695462,1414,857,518,0.10,0.58
1771402416.711575,1415,858,508,0.08,0.38
1771402416.728162,1416,862,496,0.09,0.48
1771402416.743408,1417,867,487,0.06,0.43
1771402416.760203,1418,873,478,0.12,0.63
1771402416.776099,1419,879,470,0.10,0.58
1771402416.791665,1420,887,463,0.07,0.46
1771402416.807298,1421,894,456,0.08,0.45
1771402416.824213,1422,903,450,0.12,0.74
1771402416.839780,1423,913,444,0.10,0.60
1771402416.856642,1424,921,441,0.15,0.73
1771402416.872107,1425,932,437,0.06,0.35
1771402416.887750,1426,942,434,0.07,0.45
1771402416.903753,1427,951,433,0.06,0.42
1771402416.920276,1428,962,434,0.06,0.42
1771402416.936228,1429,972,435,0.06,0.38
1771402416.952148,1430,983,437,0.10,0.67
1771402416.967714,1431,994,440,0.05,0.41
1771402416.983833,1432,1005,444,0.09,0.57
1771402416.999700,1433,1013,448,0.07,0.45
1771402417.015874,1434,1023,454,0.09,0.64
1771402417.031908,1435,1029,461,0.14,0.82
1771402417.048134,1436,1038,468,0.13,0.68
1771402417.064052,1437,1044,477,0.10,0.66
1771402417.080003,1438,1049,485,0.08,0.55
1771402417.096086,1439,1055,495,0.14,0.75
1771402417.112584,1440,1059,504,0.10,0.72
1771402417.128432,1441,1061,513,0.10,0.61
1771402417.144310,1442,1064,525,0.08,0.45
1771402417.160005,1443,1064,535,0.10,0.56
1771402417.175857,1444,1065,547,0.26,0.78
1771402417.191533,1445,1063,557,0.08,0.46
1771402417.208399,1446,1060,566,0.09,0.56
1771402417.224333,1447,1058,577,0.12,0.72
1771402417.239570,1448,1053,587,0.10,0.56
1771402417.256662,1449,1048,595,0.12,0.85
1771402417.271876,1450,1042,604,0.09,0.64
1771402417.287691,1451,1035,613,0.12,0.58
1771402417.303260,1452,1028,619,0.07,0.39
1771402417.319784,1453,1019,626,0.06,0.35
1771402417.335329,1454,1010,632,0.06,0.45
1771402417.352054,1455,1001,636,0.09,0.51
1771402417.367451,1456,990,640,0.06,0.35
1771402417.384195,1457,981,642,0.09,0.56
1771402417.400037,1458,971,643,0.09,0.52
1771402417.416173,1459,959,645,0.08,0.54
1771402417.432029,1460,949,644,0.09,0.64
1771402417.448112,1461,939,642,0.08,0.51
1771402417.463928,1462,928,640,0.08,0.65
1771402417.480283,1463,919,636,0.07,0.49
1771402417.496393,1464,908,633,0.13,0.83
1771402417.512263,1465,900,627,0.08,0.57
1771402417.528310,1466,891,619,0.12,0.75
1771402417.543923,1467,884,613,0.08,0.55
1771402417.559927,1468,877,605,0.12,0.72
1771402417.576287,1469,871,596,0.10,0.52
1771402417.592151,1470,865,587,0.12,0.70
1771402417.608444,1471,862,578,0.09,0.57
1771402417.624148,1472,858,567,0.10,0.57
1771402417.639465,1473,855,557,0.08,0.54
1771402417.656382,1474,855,548,0.13,0.70
1771402417.671772,1475,854,536,0.07,0.53
1771402417.687666,1476,855,526,0.12,0.60
1771402417.703509,1477,857,516,0.07,0.51
1771402417.720273,1478,859,504,0.10,0.61
1771402417.735756,1479,862,495,0.04,0.36
1771402417.752546,1480,867,487,0.11,0.65
1771402417.767960,1481,873,476,0.04,0.25
1771402417.783754,1482,880,470,0.11,0.63
1771402417.800449,1483,888,461,0.04,0.64
1771402417.816132,1484,896,454,0.07,0.54
1771402417.831955,1485,904,450,0.09,0.58
1771402417.848275,1486,914,443,0.10,0.67
1771402417.864185,1487,923,440,0.10,0.73
1771402417.879627,1488,933,436,0.11,0.60
1771402417.896567,1489,944,435,0.12,0.68
1771402417.911938,1490,954,434,0.08,0.69
1771402417.927911,1491,965,433,0.10,0.69
1771402417.943842,1492,975,436,0.09,0.59
1771402417.959694,1493,986,437,0.12,0.63
1771402417.976465,1494,995,440,0.07,0.62
1771402417.992450,1495,1005,444,0.10,0.78
1771402418.007834,1496,1014,448,0.10,0.65
1771402418.023839,1497,1023,456,0.12,0.85
1771402418.039916,1498,1032,463,0.10,0.55
1771402418.055541,1499,1039,469,0.08,0.47
1771402418.071996,1500,1044,478,0.07,0.42
1771402418.087930,1501,1050,486,0.11,0.73
1771402418.104077,1502,1055,495,0.07,0.78
1771402418.120170,1503,1059,507,0.07,0.42
1771402418.136724,1504,1062,516,0.27,1.23
1771402418.151750,1505,1064,527,0.10,0.80
1771402418.168094,1506,1065,538,0.16,1.23
1771402418.184226,1507,1064,548,0.10,0.68
1771402418.201060,1508,1062,558,0.22,1.38
1771402418.216458,1509,1060,569,0.11,0.72
1771402418.233169,1510,1056,578,0.21,1.51
1771402418.247748,1511,1053,587,0.07,0.43
1771402418.263687,1512,1046,598,0.14,0.84
1771402418.279373,1513,1040,607,0.07,0.41
1771402418.296343,1514,1034,613,0.15,0.79
1771402418.311310,1515,1026,621,0.06,0.43
1771402418.328122,1516,1018,626,0.12,0.65
1771402418.343823,1517,1008,632,0.14,0.77
1771402418.359535,1518,998,638,0.09,0.68
1771402418.375746,1519,989,641,0.07,0.37
1771402418.391697,1520,978,643,0.11,0.80
1771402418.407582,1521,969,644,0.11,0.66
1771402418.424153,1522,958,644,0.08,0.50
1771402418.440037,1523,946,643,0.06,0.41
1771402418.455871,1524,937,641,0.15,0.69
1771402418.471782,1525,926,640,0.06,0.39
1771402418.488248,1526,917,636,0.06,0.37
1771402418.503671,1527,908,631,0.09,0.52
1771402418.520294,1528,900,625,0.08,0.47
1771402418.536176,1529,891,619,0.06,0.33
1771402418.551979,1530,881,611,0.10,0.59
1771402418.567920,1531,876,604,0.10,0.72
1771402418.583702,1532,870,595,0.07,0.39
1771402418.599978,1533,863,585,0.15,0.89
1771402418.616014,1534,861,577,0.11,0.72
1771402418.631877,1535,857,566,0.09,0.64
1771402418.647672,1536,854,556,0.11,0.69
1771402418.663904,1537,853,545,0.17,1.03
1771402418.680310,1538,853,534,0.09,0.58
1771402418.696209,1539,855,523,0.13,0.72
1771402418.712032,1540,857,513,0.09,0.50
1771402418.727782,1541,860,503,0.08,0.55
1771402418.743482,1542,864,494,0.08,0.48
1771402418.760464,1543,868,485,0.12,0.81
1771402418.776100,1544,874,476,0.10,0.55
1771402418.791744,1545,881,468,0.07,0.43
1771402418.807831,1546,889,460,0.08,0.55
1771402418.824077,1547,897,452,0.17,1.03
1771402418.839850,1548,905,449,0.07,0.41
1771402418.855489,1549,915,442,0.07,0.46
1771402418.872575,1550,925,439,0.15,0.79
1771402418.888146,1551,935,437,0.06,0.41
1771402418.904215,1552,945,434,0.07,0.41
1771402418.920098,1553,957,434,0.11,0.60
1771402418.935695,1554,968,433,0.08,0.54
1771402418.952277,1555,977,436,0.06,0.39
1771402418.967862,1556,989,437,0.07,0.46
1771402418.983813,1557,998,440,0.07,0.52
1771402419.000840,1558,1006,445,0.16,1.60
1771402419.016137,1559,1017,450,0.09,0.57
1771402419.033086,1560,1024,456,0.52,1.68
1771402419.047622,1561,1032,463,0.06,0.47
1771402419.064697,1562,1039,470,0.14,0.92
1771402419.080007,1563,1046,479,0.12,0.77
1771402419.095632,1564,1052,490,0.10,0.55
1771402419.111968,1565,1056,499,0.06,0.36
1771402419.127645,1566,1060,508,0.08,0.45
1771402419.143443,1567,1062,517,0.06,0.41
1771402419.160291,1568,1064,528,0.09,0.60
1771402419.176169,1569,1065,540,0.07,0.40
1771402419.192188,1570,1064,551,0.14,0.85
1771402419.208306,1571,1062,561,0.07,0.41
1771402419.224061,1572,1060,572,0.11,0.65
1771402419.239458,1573,1056,579,0.06,0.39
1771402419.256287,1574,1051,589,0.16,0.69
1771402419.272060,1575,1047,598,0.10,0.54
1771402419.287809,1576,1039,606,0.10,0.58
1771402419.303590,1577,1033,616,0.08,0.42
1771402419.320324,1578,1025,621,0.11,0.62
1771402419.335694,1579,1016,629,0.04,0.28
1771402419.352496,1580,1007,633,0.11,0.62
1771402419.368110,1581,997,638,0.05,0.35
1771402419.384073,1582,986,642,0.11,0.68
1771402419.400742,1583,978,642,0.18,1.03
1771402419.416035,1584,965,644,0.07,0.37
1771402419.431886,1585,955,644,0.09,0.65
1771402419.447448,1586,946,643,0.07,0.48
1771402419.464148,1587,935,641,0.08,0.52
1771402419.480301,1588,926,638,0.11,0.60
1771402419.496353,1589,916,635,0.14,0.83
1771402419.512259,1590,905,630,0.07,0.46
1771402419.528093,1591,896,625,0.11,0.54
1771402419.543573,1592,887,618,0.11,0.52
1771402419.560213,1593,882,610,0.07,0.46
1771402419.575664,1594,874,603,0.06,0.38
1771402419.592325,1595,868,594,0.09,0.50
1771402419.607846,1596,863,584,0.14,0.72
1771402419.623656,1597,859,573,0.10,0.58
1771402419.639594,1598,856,563,0.10,0.47
1771402419.656694,1599,855,553,0.14,0.89
1771402419.671595,1600,854,542,0.09,0.38
1771402419.688492,1601,853,534,0.10,0.68
1771402419.703115,1602,856,523,0.04,0.26
1771402419.719790,1603,857,512,0.10,0.48
1771402419.735371,1604,860,503,0.05,0.33
1771402419.752190,1605,864,491,0.10,0.63
1771402419.767727,1606,870,484,0.05,0.30
1771402419.783586,1607,876,473,0.08,0.57
1771402419.800145,1608,883,466,0.05,0.45
1771402419.815870,1609,891,459,0.09,0.53
1771402419.831697,1610,898,452,0.15,0.68
1771402419.848389,1611,907,449,0.09,0.56
1771402419.864434,1612,917,443,0.14,0.82
1771402419.880029,1613,926,438,0.08,0.52
1771402419.896023,1614,936,436,0.15,0.90
1771402419.912064,1615,948,434,0.09,0.61
1771402419.927894,1616,957,433,0.12,0.67
1771402419.943804,1617,968,434,0.09,0.58
1771402419.959347,1618,978,436,0.10,0.50
1771402419.976470,1619,988,438,0.09,0.61
1771402419.992000,1620,999,442,0.08,0.49
1771402420.008381,1621,1009,445,0.08,0.49
1771402420.024266,1622,1017,451,0.11,0.63
1771402420.040251,1623,1027,458,0.08,0.53
1771402420.056218,1624,1035,464,0.14,0.83
1771402420.071859,1625,1042,474,0.05,0.35
1771402420.087714,1626,1047,480,0.10,0.61
1771402420.103879,1627,1052,490,0.09,0.56
1771402420.119705,1628,1057,500,0.12,0.66
1771402420.135879,1629,1060,509,0.07,0.40
1771402420.151407,1630,1063,520,0.06,0.40
1771402420.168205,1631,1064,531,0.10,0.51
1771402420.185085,1632,1064,540,0.61,1.68
1771402420.200270,1633,1063,551,0.11,0.74
1771402420.215977,1634,1061,561,0.10,0.73
1771402420.231979,1635,1060,571,0.10,0.72
1771402420.248393,1636,1056,582,0.10,0.59
1771402420.264311,1637,1051,592,0.11,0.65
1771402420.279762,1638,1045,601,0.13,0.65
1771402420.295354,1639,1038,609,0.07,0.45
1771402420.312540,1640,1031,616,0.11,0.73
1771402420.328361,1641,1024,623,0.11,0.58
1771402420.344090,1642,1014,629,0.11,0.65
1771402420.359954,1643,1006,633,0.10,0.65
1771402420.376541,1644,995,639,0.09,0.70
1771402420.392234,1645,986,641,0.07,0.50
1771402420.407564,1646,975,643,0.09,0.50
1771402420.424253,1647,966,645,0.07,0.47
1771402420.439582,1648,954,645,0.07,0.56
1771402420.456725,1649,943,643,0.14,0.94
1771402420.471836,1650,934,641,0.10,0.54
1771402420.487486,1651,922,638,0.07,0.48
1771402420.503821,1652,913,634,0.08,0.59
1771402420.519518,1653,904,630,0.10,0.51
1771402420.535986,1654,896,624,0.10,0.56
1771402420.551692,1655,888,617,0.07,0.41
1771402420.567401,1656,881,609,0.06,0.33
1771402420.584094,1657,873,601,0.07,0.47
1771402420.599837,1658,867,591,0.04,0.57
1771402420.615510,1659,862,582,0.06,0.45
1771402420.632423,1660,859,573,0.14,0.75
1771402420.647857,1661,857,563,0.10,0.63
1771402420.663700,1662,854,551,0.14,0.81
1771402420.679851,1663,854,542,0.10,0.69
1771402420.695532,1664,853,530,0.14,0.64
1771402420.712244,1665,856,521,0.07,0.51
1771402420.728091,1666,858,511,0.12,0.66
1771402420.744362,1667,860,501,0.09,0.60
1771402420.760172,1668,865,490,0.12,0.65
1771402420.775859,1669,870,482,0.10,0.57
1771402420.791644,1670,877,473,0.14,0.66
1771402420.808216,1671,885,464,0.06,0.45
1771402420.824067,1672,892,457,0.12,0.73
1771402420.839562,1673,901,451,0.08,0.43
1771402420.856623,1674,908,446,0.14,0.86
1771402420.871965,1675,918,443,0.09,0.60
1771402420.887526,1676,928,439,0.07,0.44
1771402420.904186,1677,938,435,0.09,0.48
1771402420.919848,1678,949,434,0.07,0.44
1771402420.935614,1679,960,433,0.10,0.45
1771402420.952375,1680,969,434,0.06,0.50
1771402420.968089,1681,980,437,0.04,0.56
1771402420.984509,1682,990,438,0.10,0.67
1771402421.000540,1683,1000,442,0.10,0.66
1771402421.016439,1684,1009,447,0.10,0.73
1771402421.032402,1685,1019,451,0.10,0.82
1771402421.048008,1686,1029,459,0.07,0.49
1771402421.064114,1687,1035,465,0.11,0.87
1771402421.079772,1688,1043,475,0.06,0.45
1771402421.095402,1689,1049,484,0.08,0.53
1771402421.112042,1690,1052,491,0.11,0.61
1771402421.127897,1691,1058,502,0.11,0.64
1771402421.143956,1692,1061,510,0.07,0.54
1771402421.159902,1693,1064,522,0.11,0.69
1771402421.176038,1694,1064,532,0.11,0.66
1771402421.191847,1695,1064,542,0.07,0.59
1771402421.207764,1696,1063,554,0.08,0.46
1771402421.223614,1697,1061,563,0.12,0.73
1771402421.239762,1698,1058,574,0.08,0.46
1771402421.255547,1699,1055,584,0.10,0.67
1771402421.271994,1700,1050,592,0.07,0.39
1771402421.287587,1701,1044,601,0.08,0.40
1771402421.304021,1702,1038,609,0.09,0.51
1771402421.319764,1703,1030,616,0.09,0.53
1771402421.336453,1704,1022,624,0.09,0.58
1771402421.352211,1705,1013,630,0.10,0.57
1771402421.367986,1706,1003,635,0.08,0.53
1771402421.384137,1707,994,638,0.10,0.56
1771402421.400457,1708,984,642,0.13,0.86
1771402421.415828,1709,974,644,0.10,0.55
1771402421.431974,1710,963,644,0.14,0.87
1771402421.448030,1711,952,645,0.09,0.55
1771402421.463929,1712,941,643,0.16,0.77
1771402421.479956,1713,931,640,0.10,0.67
1771402421.495721,1714,921,638,0.11,0.66
1771402421.512344,1715,913,634,0.10,0.54
1771402421.528289,1716,903,628,0.12,0.69
1771402421.544156,1717,894,622,0.09,0.55
1771402421.559858,1718,885,615,0.08,0.51
1771402421.576271,1719,878,607,0.09,0.56
1771402421.591939,1720,873,599,0.08,0.54
1771402421.608342,1721,867,591,0.10,0.62
1771402421.624175,1722,862,581,0.09,0.62
1771402421.640356,1723,858,570,0.08,0.51
1771402421.656350,1724,856,561,0.14,0.80
1771402421.671624,1725,855,550,0.08,0.43
1771402421.688250,1726,853,540,0.07,0.49
1771402421.703639,1727,854,529,0.08,0.41
1771402421.720346,1728,856,519,0.11,0.58
1771402421.735539,1729,858,508,0.07,0.43
1771402421.752252,1730,862,498,0.11,0.57
1771402421.768007,1731,865,490,0.07,0.55
1771402421.784081,1732,872,479,0.12,0.64
1771402421.800671,1733,877,472,0.17,0.93
1771402421.815594,1734,885,464,0.08,0.55
1771402421.832724,1735,893,457,0.15,0.92
1771402421.848215,1736,902,451,0.10,0.68
1771402421.864299,1737,911,444,0.14,0.85
1771402421.880282,1738,921,441,0.10,0.72
1771402421.895997,1739,930,438,0.09,0.56
1771402421.911566,1740,939,435,0.09,0.50
1771402421.928339,1741,950,434,0.11,0.58
1771402421.943719,1742,961,434,0.12,0.60
1771402421.959512,1743,973,435,0.10,0.64
1771402421.976098,1744,983,437,0.08,0.48
1771402421.991807,1745,994,439,0.09,0.54
1771402422.008274,1746,1001,442,0.11,0.68
1771402422.024112,1747,1011,447,0.08,0.55
1771402422.039993,1748,1020,453,0.11,0.71
1771402422.055959,1749,1028,460,0.14,0.75
1771402422.072542,1750,1035,467,0.12,0.65
1771402422.088278,1751,1043,476,0.08,0.56
1771402422.103574,1752,1049,484,0.08,0.47
1771402422.120448,1753,1053,493,0.10,0.66
1771402422.135984,1754,1059,504,0.07,0.40
1771402422.151798,1755,1061,513,0.10,0.62
1771402422.167811,1756,1063,523,0.17,0.89
1771402422.183851,1757,1065,535,0.10,0.63
1771402422.199965,1758,1065,545,0.10,0.62
1771402422.216032,1759,1063,556,0.08,0.57
1771402422.232046,1760,1061,566,0.10,0.79
1771402422.247812,1761,1058,574,0.07,0.45
1771402422.263780,1762,1054,584,0.13,0.80
1771402422.280209,1763,1050,594,0.07,0.55
1771402422.295965,1764,1044,603,0.09,0.55
1771402422.311588,1765,1037,612,0.08,0.42
1771402422.328375,1766,1029,619,0.09,0.63
1771402422.343705,1767,1020,624,0.14,0.61
1771402422.360620,1768,1012,630,0.12,0.76
1771402422.376004,1769,1002,635,0.11,0.68
1771402422.391795,1770,991,639,0.09,0.58
1771402422.408217,1771,981,643,0.08,0.46
1771402422.424114,1772,971,644,0.12,0.67
1771402422.439947,1773,960,645,0.09,0.57
1771402422.455765,1774,950,644,0.11,0.67
1771402422.471708,1775,940,642,0.12,0.53
1771402422.488435,1776,931,640,0.10,0.61
1771402422.504235,1777,922,638,0.08,0.42
1771402422.519962,1778,911,633,0.09,0.50
1771402422.535866,1779,903,628,0.09,0.67
1771402422.552108,1780,892,620,0.08,0.57
1771402422.568476,1781,884,613,0.19,0.98
1771402422.583997,1782,877,606,0.12,0.76
1771402422.599937,1783,871,597,0.09,0.57
1771402422.616402,1784,866,590,0.11,0.64
1771402422.632364,1785,861,580,0.13,0.81
1771402422.647836,1786,857,569,0.11,0.73
1771402422.663723,1787,855,560,0.12,0.67
1771402422.680182,1788,853,547,0.11,0.66
1771402422.696036,1789,854,537,0.11,0.66
1771402422.712125,1790,855,528,0.10,0.74
1771402422.727883,1791,857,518,0.08,0.56
1771402422.744090,1792,858,508,0.11,0.64
1771402422.759910,1793,862,498,0.10,0.64
1771402422.776273,1794,867,487,0.11,0.63
1771402422.792080,1795,873,478,0.10,0.56
1771402422.808091,1796,879,470,0.09,0.64
1771402422.823867,1797,887,463,0.09,0.56
1771402422.840594,1798,894,457,0.10,1.07
1771402422.856790,1799,902,451,0.15,0.97
1771402422.872439,1800,912,444,0.10,0.58
1771402422.888178,1801,922,440,0.09,0.55
1771402422.903706,1802,933,436,0.07,0.76
1771402422.919473,1803,943,434,0.09,0.63
1771402422.936224,1804,954,433,0.10,0.54
1771402422.952451,1805,962,434,0.10,0.61
1771402422.968512,1806,972,435,0.13,0.92
1771402422.983614,1807,983,437,0.11,0.52
1771402422.999561,1808,993,440,0.11,0.57
1771402423.015783,1809,1005,444,0.08,0.49
1771402423.031676,1810,1015,449,0.12,0.76
1771402423.048036,1811,1023,454,0.08,0.52
1771402423.063874,1812,1029,461,0.11,0.69
1771402423.079765,1813,1038,468,0.12,0.64
1771402423.095536,1814,1043,477,0.11,0.65
1771402423.111751,1815,1049,485,0.08,0.60
1771402423.127655,1816,1055,495,0.12,0.81
1771402423.144516,1817,1059,504,0.09,0.61
1771402423.160351,1818,1061,513,0.11,0.69
1771402423.175769,1819,1064,526,0.08,0.49
1771402423.191577,1820,1064,535,0.12,0.73
1771402423.207932,1821,1065,547,0.08,0.48
1771402423.223974,1822,1063,557,0.12,0.82
1771402423.239394,1823,1060,566,0.07,0.46
1771402423.256592,1824,1058,576,0.15,0.95
1771402423.271970,1825,1053,587,0.07,0.39
1771402423.287702,1826,1048,595,0.08,0.51
1771402423.303276,1827,1042,604,0.05,0.36
1771402423.320107,1828,1035,613,0.10,0.67
1771402423.335921,1829,1028,619,0.07,0.62
1771402423.352045,1830,1019,625,0.10,0.61
1771402423.368482,1831,1010,632,0.12,1.20
1771402423.383909,1832,1001,636,0.11,0.69
1771402423.400053,1833,990,640,0.12,0.72
1771402423.416256,1834,981,642,0.11,0.72
1771402423.432178,1835,969,645,0.13,0.73
1771402423.448249,1836,959,645,0.12,0.64
1771402423.464105,1837,949,644,0.10,0.61
1771402423.480040,1838,939,642,0.09,0.60
1771402423.496037,1839,929,640,0.11,0.76
1771402423.511747,1840,918,636,0.09,0.61
1771402423.527398,1841,908,633,0.10,0.56
1771402423.544259,1842,900,627,0.12,0.79
1771402423.560038,1843,891,619,0.11,0.60
1771402423.575364,1844,884,613,0.08,0.50
1771402423.592282,1845,877,605,0.12,0.68
1771402423.607979,1846,871,596,0.11,0.68
1771402423.623674,1847,865,587,0.11,0.53
1771402423.640561,1848,860,578,0.11,0.72
1771402423.656545,1849,858,567,0.13,0.82
1771402423.672058,1850,855,557,0.10,0.48
1771402423.687841,1851,854,548,0.11,0.62
1771402423.704157,1852,854,536,0.09,0.45
1771402423.719906,1853,855,526,0.09,0.53
1771402423.735876,1854,857,516,0.13,0.68
1771402423.752230,1855,860,505,0.09,0.63
1771402423.768399,1856,863,496,0.13,0.88
1771402423.784368,1857,867,487,0.11,0.63
1771402423.800488,1858,873,477,0.14,0.73
1771402423.816036,1859,880,470,0.11,0.69
1771402423.832017,1860,888,460,0.14,0.83
1771402423.847875,1861,896,454,0.09,0.56
1771402423.863865,1862,904,449,0.19,0.87
1771402423.880322,1863,913,443,0.09,0.52
1771402423.896171,1864,922,440,0.10,0.63
1771402423.912043,1865,933,436,0.10,0.60
1771402423.927734,1866,945,435,0.10,0.52
1771402423.944022,1867,954,434,0.10,0.66
1771402423.959830,1868,965,433,0.12,0.71
1771402423.976212,1869,975,436,0.07,0.46
1771402423.991876,1870,985,437,0.09,0.55
1771402424.008095,1871,996,440,0.09,0.55
1771402424.023826,1872,1006,444,0.09,0.56
1771402424.040177,1873,1014,448,0.07,0.45
1771402424.056268,1874,1023,456,0.15,0.89
