Timestamp,X,Y
1775762048685,942,545
1775762048704,942,538
1775762048725,945,524
1775762048746,950,507
1775762048766,954,489
1775762048786,959,472
1775762048807,963,456
1775762048827,967,443
1775762048848,971,432
1775762048869,975,422
1775762048889,977,416
1775762048909,979,410
1775762049140,979,410
1775762049161,984,400
1775762049181,999,378
1775762049201,1023,352
1775762049222,1074,313
1775762049242,1119,289
1775762049263,1162,273
1775762049284,1193,262
1775762049304,1215,256
1775762049326,1229,252
1775762049346,1234,251
1775762049550,1235,250
1775762049570,1250,243
1775762049592,1282,227
1775762049612,1349,204
1775762049632,1450,179
1775762049652,1579,154
1775762049673,1656,141
1775762049694,1697,136
1775762049714,1718,136
1775762049959,1718,136
1775762049979,1724,132
1775762049999,1738,125
1775762050020,1759,117
1775762050040,1781,111
1775762050061,1800,108
1775762050082,1816,106
1775762050102,1830,106
1775762050123,1838,105
1775762050144,1845,105
1775762050165,1851,105
1775762050186,1856,106
1775762050207,1861,107
1775762050227,1863,108
1775762050248,1866,108
1775762050270,1869,110
1775762050290,1872,111
1775762050311,1874,113
1775762050332,1875,113
1775762050361,1875,113
1775762050394,1876,113
1775762050415,1879,113
1775762050437,1883,113
1775762050457,1887,111
1775762050478,1891,111
1775762050498,1894,113
1775762050519,1896,113
1775762050540,1898,113
1775762050573,1898,113
1775762051042,1898,113
1775762051062,1896,113
1775762051082,1887,111
1775762051103,1861,111
1775762051124,1809,109
1775762051145,1745,108
1775762051165,1681,109
1775762051185,1627,110
1775762051206,1588,113
1775762051228,1554,114
1775762051248,1532,115
1775762051269,1521,115
1775762051290,1515,114
1775762051486,1512,113
1775762051505,1501,114
1775762051527,1478,117
1775762051547,1446,122
1775762051568,1405,125
1775762051589,1363,128
1775762051609,1326,132
1775762051630,1298,133
1775762051651,1278,131
1775762051671,1269,130
1775762051692,1264,128
1775762051858,1264,127
1775762051878,1259,124
1775762051899,1251,118
1775762051919,1234,108
1775762051939,1216,95
1775762051960,1203,86
1775762051981,1192,78
1775762052002,1185,74
1775762052021,1182,72
1775762052046,1181,72
1775762052062,1181,72
1775762052260,1181,71
1775762052294,1179,69
1775762052329,1178,68
1775762052345,1178,68
1775762052362,1178,66
1775762052397,1178,66
1775762057932,1177,66
1775762057954,1162,66
1775762057972,1142,68
1775762057993,1116,72
1775762058013,1088,80
1775762058035,1056,92
1775762058055,1018,109
1775762058075,991,122
1775762058096,960,133
1775762058116,929,148
1775762058136,901,160
1775762058157,878,169
1775762058178,865,173
1775762058199,856,175
1775762058481,852,175
1775762058501,835,182
1775762058522,811,195
1775762058542,778,206
1775762058563,745,216
1775762058584,706,227
1775762058604,658,242
1775762058624,621,257
1775762058645,596,265
1775762058666,575,270
1775762058897,575,270
1775762058918,569,275
1775762058938,556,282
1775762058959,536,289
1775762058979,513,295
1775762059000,487,302
1775762059020,463,306
1775762059041,437,309
1775762059061,414,310
1775762059081,395,310
1775762059103,377,310
1775762059123,365,307
1775762059143,355,306
1775762059164,346,305
1775762059184,338,303
1775762059205,332,301
1775762059227,327,300
1775762059246,324,298
1775762059268,322,298
1775762059288,320,298
1775762059314,318,298
1775762059334,315,298
1775762059354,310,300
1775762059375,302,303
1775762059395,295,305
1775762059416,289,306
1775762059436,285,309
1775762059457,282,310
1775762059478,281,311
1775762062051,282,311
1775762062072,289,311
1775762062094,315,310
1775762062114,365,314
1775762062135,432,329
1775762062156,498,354
1775762062177,538,371
1775762062198,570,387
1775762062219,594,408
1775762062240,610,434
1775762063324,619,458
1775762063344,626,459
1775762063365,641,461
1775762063385,674,464
1775762063406,720,473
1775762063427,773,488
1775762063447,802,499
1775762063468,825,509
1775762063489,841,519
1775762063510,850,527
1775762063531,854,530
1775762064737,854,532
1775762064757,853,534
1775762064777,852,538
1775762064797,848,545
1775762064817,840,552
1775762064838,832,561
1775762064858,823,570
1775762064879,813,580
1775762064900,804,587
1775762064920,796,592
1775762064941,790,597
1775762064961,785,601
1775762064981,782,604
1775762065016,782,604
1775762065084,782,605
1775762065139,783,605
1775762065173,783,604
1775762065193,786,603
1775762065213,792,598
1775762065234,800,592
1775762065254,806,588
1775762065274,809,586
1775762065295,811,583
1775762065357,812,583
1775762065507,812,583
1775762065548,812,582
1775762065596,812,582
1775762074066,813,582
1775762074086,818,586
1775762074107,828,593
1775762074127,839,606
1775762074149,848,615
1775762074168,855,622
1775762074190,859,625
1775762074210,861,627
1775762074230,863,628
1775762074265,865,631
1775762074285,866,631
1775762074455,866,631
1775762075056,866,631
1775762075076,866,628
1775762075096,866,624
1775762075116,867,617
1775762075137,871,603
1775762075158,877,584
1775762075178,885,566
1775762075198,892,553
1775762075219,896,544
1775762075239,897,541
1775762075258,898,541
1775762078410,897,541
1775762078431,895,541
1775762078465,893,539
1775762078485,891,536
1775762078506,888,526
1775762078528,884,509
1775762078550,876,488
1775762078569,865,463
1775762078591,850,441
1775762078612,835,422
1775762078632,815,407
1775762078652,798,396
1775762078674,785,390
1775762078695,773,384
1775762078715,764,380
1775762078737,760,377
1775762079113,759,376
1775762079133,752,375
1775762079154,731,375
1775762079174,703,376
1775762079196,663,380
1775762079215,621,386
1775762079236,570,400
1775762079257,519,414
1775762079278,485,426
1775762079299,467,432
1775762079319,452,435
1775762079340,446,435
1775762079651,444,436
1775762079671,437,436
1775762079692,428,436
1775762079712,421,434
1775762079732,410,431
1775762079753,402,428
1775762079774,394,421
1775762079794,385,412
1775762079814,377,403
1775762079834,368,395
1775762079855,358,389
1775762079877,351,384
1775762079897,348,382
1775762079917,346,382
1775762080186,346,381
1775762080208,345,380
1775762080229,343,376
1775762080250,339,372
1775762080271,335,365
1775762080291,329,358
1775762080312,324,352
1775762080333,318,348
1775762080354,314,343
1775762080375,312,341
1775762080395,310,339
1775762080417,309,338
1775762080445,307,336
1775762080465,306,334
1775762080489,305,332
1775762080508,302,329
1775762080527,297,325
1775762080548,292,320
1775762080569,287,314
1775762080592,281,310
1775762080612,274,305
1775762080632,269,302
1775762080652,266,300
1775762080676,265,298
1775762080725,264,298
1775762080745,264,298
1775762080763,264,298
1775762080784,261,297
1775762080805,257,296
1775762080826,255,295
1775762080847,253,295
1775762080895,251,295
1775762080971,251,295
1775762081663,251,294
1775762081683,264,292
1775762081704,297,289
1775762081723,347,292
1775762081745,424,303
1775762081765,488,318
1775762081785,533,333
1775762081806,565,362
1775762082947,568,359
1775762082967,582,350
1775762082987,598,342
1775762083008,617,338
1775762083028,639,338
1775762083049,663,340
1775762083070,679,345
1775762083090,689,350
1775762083111,696,357
1775762083131,703,366
1775762083152,705,371
1775762083173,706,377
1775762083551,707,377
1775762083572,716,371
1775762083592,735,358
1775762083613,765,342
1775762083633,796,328
1775762083653,825,316
1775762083674,845,307
1775762083694,865,301
1775762083715,879,297
1775762083736,885,295
1775762084631,888,295
1775762084652,893,296
1775762084672,907,304
1775762084694,926,321
1775762084714,945,341
1775762084735,960,363
1775762084756,972,382
1775762084778,983,399
1775762084797,992,413
1775762084819,999,428
1775762084841,1003,437
1775762085079,1003,439
1775762085099,1011,439
1775762085120,1032,438
1775762085141,1064,437
1775762085161,1111,437
1775762085181,1176,437
1775762085202,1244,431
1775762085222,1294,423
1775762085242,1319,417
1775762085263,1329,413
1775762085717,1332,411
1775762085738,1341,407
1775762085757,1356,401
1775762085778,1373,392
1775762085798,1394,382
1775762085818,1414,373
1775762085839,1435,364
1775762085860,1453,358
1775762085880,1467,355
1775762085901,1483,350
1775762085923,1498,346
1775762085943,1510,341
1775762085964,1516,336
1775762085984,1518,334
1775762086085,1518,334
1775762086104,1518,334
1775762086124,1519,338
1775762086139,1518,342
1775762086160,1515,352
1775762086179,1511,363
1775762086200,1507,372
1775762086221,1504,377
1775762086242,1503,378
1775762086310,1502,380
1775762086398,1502,380
1775762086447,1502,380
1775762086481,1502,380
1775762086515,1501,380
1775762086549,1499,380
1775762087582,1497,381
1775762087602,1491,387
1775762087623,1484,398
1775762087645,1472,413
1775762087666,1461,430
1775762087686,1447,452
1775762087707,1436,473
1775762087728,1427,491
1775762087748,1416,505
1775762087769,1408,515
1775762087790,1404,519
1775762088428,1403,519
1775762088490,1403,520
1775762088509,1414,515
1775762088529,1438,505
1775762088550,1471,491
1775762088570,1510,477
1775762088591,1548,464
1775762088611,1576,454
1775762088631,1600,446
1775762088653,1614,441
1775762088877,1619,441
1775762088897,1624,434
1775762088917,1635,417
1775762088938,1656,384
1775762088958,1679,354
1775762088979,1697,334
1775762088999,1713,320
1775762089020,1724,311
1775762089040,1732,306
1775762089062,1738,304
1775762089081,1744,301
1775762089103,1750,300
1775762089123,1755,297
1775762089145,1761,295
1775762089166,1767,291
1775762089187,1773,285
1775762089207,1778,282
1775762089229,1783,278
1775762089461,1784,278
1775762089480,1788,271
1775762089504,1801,258
1775762089523,1819,240
1775762089544,1836,222
1775762089563,1850,208
1775762089585,1861,200
1775762089604,1869,193
1775762089624,1876,188
1775762089645,1881,182
1775762089665,1885,176
1775762089686,1888,171
1775762089706,1889,169
1775762089739,1890,167
1775762089788,1891,166
1775762089856,1891,166
1775762089876,1891,166
1775762089904,1893,166
1775762089924,1893,166
1775762089943,1894,167
1775762089977,1896,167
1775762089998,1896,168
1775762090019,1897,168
1775762090046,1897,168
1775762090095,1899,169
1775762090128,1899,169
1775762090210,1899,170
1775762090264,1899,170
1775762090299,1901,170
1775762090326,1902,170
1775762090347,1903,170
1775762090367,1904,169
1775762090388,1906,169
1775762090422,1908,169
1775762090442,1909,169
1775762090470,1909,169
1775762090504,1909,169
1775762090538,1910,169
1775762090593,1910,169
1775762091357,1910,169
1775762091376,1911,171
1775762091397,1912,176
1775762091417,1913,185
1775762091438,1914,198
1775762091458,1915,215
1775762091479,1916,231
1775762091499,1917,249
1775762091519,1917,267
1775762091541,1917,284
1775762091561,1917,295
1775762091581,1917,303
1775762091602,1916,306
1775762091643,1915,307
1775762092032,1913,309
1775762092053,1902,314
1775762092075,1885,323
1775762092096,1861,336
1775762092115,1825,354
1775762092137,1777,377
1775762092157,1749,390
1775762092179,1733,396
1775762092199,1725,400
1775762092943,1724,400
1775762092963,1714,407
1775762092984,1690,423
1775762093005,1661,443
1775762093026,1621,467
1775762093046,1553,519
1775762093067,1495,566
1775762093088,1464,597
1775762093109,1435,618
1775762093129,1417,630
1775762093150,1409,634
1775762097188,1399,635
1775762097208,1386,634
1775762097228,1368,631
1775762097249,1347,624
1775762097269,1322,614
1775762097290,1297,605
1775762097310,1269,596
1775762097331,1247,589
1775762097351,1224,582
1775762097372,1205,574
1775762097393,1192,569
1775762097414,1186,565
1775762097630,1183,564
1775762097650,1174,563
1775762097671,1151,560
1775762097692,1107,551
1775762097712,1055,537
1775762097733,1007,520
1775762097753,969,505
1775762097775,942,493
1775762097796,923,487
1775762097816,916,484
1775762098019,914,484
1775762098040,903,489
1775762098060,874,499
1775762098080,822,515
1775762098101,719,542
1775762098122,650,562
1775762098143,599,582
1775762098164,570,593
1775762098184,555,599
1775762098398,549,601
1775762098418,531,610
1775762098439,502,617
1775762098460,452,621
1775762098480,397,621
1775762098500,362,619
1775762098520,345,619
1775762098541,337,619
1775762098929,335,619
1775762098949,330,617
1775762098970,324,596
1775762098990,320,535
1775762099011,318,437
1775762099031,318,337
1775762099052,324,243
1775762099073,333,189
1775762099094,339,160
1775762099115,343,145
1775762099135,343,141
1775762099305,343,139
1775762099325,336,130
1775762099346,325,111
1775762099366,310,79
1775762099387,294,45
1775762099407,285,23
1775762099427,281,12
1775762099448,279,9
1775762099469,279,9
1775762099626,279,9
1775762099642,279,9
1775762099662,281,11
1775762099684,283,14
1775762099704,284,15
1775762099725,286,18
1775762099748,287,19
1775762099783,289,20
1775762099803,289,21
1775762099823,290,21
1775762099864,291,23
1775762099898,291,23
1775762102680,291,24
1775762102699,293,45
1775762102720,296,74
1775762102740,301,102
1775762102762,304,131
1775762102782,308,178
1775762102802,311,242
1775762102823,313,296
1775762102844,313,320
1775762102865,311,333
1775762102885,310,339
1775762102906,309,342
1775762102958,309,343
1775762103034,309,343
1775762103052,308,342
1775762103072,306,340
1775762103093,305,336
1775762103114,304,331
1775762103136,302,324
1775762103156,301,321
1775762103177,299,319
1775762103204,299,318
1775762103232,298,315
1775762103252,297,314
1775762103273,297,313
1775762103293,296,312
1775762103320,295,311
1775762103375,295,311
1775762104057,295,310
1775762104079,303,310
1775762104099,321,306
1775762104120,352,303
1775762104142,397,302
1775762104162,444,311
1775762104183,504,329
1775762104204,544,343
1775762104224,566,352
1775762104246,582,360
1775762104267,591,367
1775762104689,591,375
1775762104711,597,372
1775762104732,612,365
1775762104752,637,355
1775762104773,677,337
1775762104794,706,327
1775762104815,735,322
1775762104836,761,321
1775762104856,784,323
1775762104878,800,325
1775762104898,811,329
1775762104919,817,330
1775762105382,824,331
1775762105402,838,333
1775762105423,869,336
1775762105443,912,341
1775762105463,956,355
1775762105484,983,371
1775762105505,997,386
1775762105524,1003,395
1775762105545,1005,403
1775762105565,1005,409
1775762105976,1005,412
1775762105996,1011,413
1775762106017,1021,413
1775762106037,1035,413
1775762106059,1049,413
1775762106079,1068,410
1775762106100,1084,405
1775762106120,1096,402
1775762106140,1104,400
1775762106162,1106,399
1775762106201,1106,399
1775762106524,1106,399
1775762106545,1104,395
1775762106565,1096,383
1775762106586,1083,356
1775762106606,1068,319
1775762106627,1051,273
1775762106648,1038,235
1775762106669,1026,206
1775762106689,1014,182
1775762106711,1006,163
1775762106731,999,151
1775762106752,994,144
1775762106773,990,141
1775762106794,987,139
1775762106815,985,137
1775762106835,983,136
1775762106856,979,136
1775762106877,973,134
1775762106898,968,133
1775762106919,963,132
1775762106941,961,132
1775762106960,960,131
1775762106994,960,131
1775762107035,959,131
1775762107063,959,130
1775762107137,959,130
1775762107158,959,130
1775762107186,957,127
1775762107206,957,126
1775762107224,956,125
1775762107245,954,124
1775762107267,952,122
1775762107295,951,121
1775762107335,951,121
1775762109788,950,119
1775762109809,950,114
1775762109830,948,110
1775762109850,946,102
1775762112412,945,102
1775762112432,939,109
1775762112453,931,116
1775762112473,921,124
1775762112494,905,135
1775762112515,885,149
1775762112536,866,160
1775762112557,849,169
1775762112578,838,176
1775762112598,828,182
1775762112619,819,187
1775762112640,814,188
1775762112661,812,189
1775762112682,810,189
1775762112704,808,189
1775762112724,807,189
1775762112759,806,188
1775762112781,806,188
1775762112800,806,187
1775762112820,804,186
1775762112841,801,185
1775762112862,798,184
1775762112883,795,182
1775762112904,792,180
1775762112925,789,179
1775762112949,788,178
1775762112983,787,177
1775762113001,786,176
1775762113017,785,175
1775762113037,783,172
1775762113058,781,170
1775762113079,778,169
1775762113099,776,168
1775762113126,774,167
1775762113181,773,166
1775762115089,773,166
1775762115109,770,168
1775762115129,761,175
1775762115150,744,187
1775762115170,721,211
1775762115191,696,238
1775762115212,673,262
1775762115231,650,285
1775762115253,631,302
1775762115273,619,313
1775762115293,613,320
1775762115313,607,327
1775762115725,606,327
1775762115746,599,331
1775762115766,584,341
1775762115786,556,354
1775762115807,512,368
1775762115827,455,380
1775762115848,385,384
1775762115868,336,378
1775762115889,297,369
1775762115910,271,364
1775762115932,255,359
1775762115952,249,358
1775762116177,248,359
1775762116197,245,360
1775762116218,238,360
1775762116238,226,350
1775762116259,204,324
1775762116279,187,294
1775762116299,174,267
1775762116320,160,242
1775762116341,148,225
1775762116362,138,211
1775762116382,132,196
1775762116402,125,179
1775762116424,117,163
1775762116445,110,152
1775762116466,102,143
1775762116486,94,136
1775762116507,87,128
1775762116527,82,121
1775762116549,77,114
1775762116570,73,106
1775762116590,69,100
1775762116612,64,95
1775762116633,58,88
1775762116653,56,82
1775762116674,53,77
1775762116694,51,69
1775762116716,48,62
1775762116736,45,56
1775762116757,44,51
1775762116778,44,47
1775762116907,70,47
1775762116927,96,61
1775762116948,139,89
1775762116968,185,132
1775762116988,221,182
1775762117009,253,236
1775762117029,271,273
1775762117050,282,297
1775762117070,290,324
1775762117091,294,348
1775762117112,297,364
1775762117417,299,374
1775762117438,312,376
1775762117459,336,383
1775762117479,375,396
1775762117500,418,411
1775762117520,464,430
1775762117542,492,444
1775762117562,512,456
1775762117584,525,464
1775762117604,531,466
1775762117936,532,466
1775762117956,538,466
1775762117976,554,466
1775762117997,585,471
1775762118018,630,483
1775762118038,680,499
1775762118058,720,515
1775762118079,743,525
1775762118099,756,530
1775762118120,762,535
1775762118402,763,539
1775762118980,763,544
1775762119002,771,538
1775762119021,790,526
1775762119042,833,502
1775762119063,897,474
1775762119083,963,454
1775762119105,1024,446
1775762119125,1076,447
1775762119146,1115,452
1775762119166,1137,458
1775762119188,1150,462
1775762119208,1152,463
1775762119442,1153,463
1775762119462,1157,462
1775762119483,1169,456
1775762119504,1200,444
1775762119524,1241,431
1775762119545,1271,423
1775762119565,1291,420
1775762119586,1304,419
1775762119607,1308,418
1775762124184,1307,418
1775762124204,1296,417
1775762124224,1278,417
1775762124245,1250,414
1775762124265,1207,410
1775762124286,1164,404
1775762124307,1123,402
1775762124327,1084,402
1775762124347,1051,402
1775762124368,1031,402
1775762124388,1022,402
1775762124829,1019,402
1775762124849,1027,402
1775762124870,1039,402
1775762124890,1056,408
1775762124911,1080,422
1775762124932,1108,449
1775762124952,1133,477
1775762124972,1151,508
1775762124992,1164,533
1775762125013,1169,553
1775762125034,1166,575
1775762125054,1157,605
1775762125075,1145,631
1775762125095,1131,648
1775762127757,1130,648
1775762127778,1117,653
1775762127798,1099,658
1775762127819,1073,662
1775762127839,1044,664
1775762127860,1015,664
1775762127880,986,664
1775762127901,958,663
1775762127921,930,661
1775762127942,909,658
1775762127964,888,655
1775762127985,871,653
1775762128005,855,652
1775762128026,844,652
1775762128046,837,652
1775762129128,832,652
1775762129148,813,653
1775762129169,781,653
1775762129189,743,650
1775762129209,702,645
1775762129230,668,641
1775762129251,644,637
1775762129271,629,636
1775762129291,619,635
1775762129312,615,635
1775762129874,614,636
1775762129894,616,649
1775762129915,624,670
1775762129936,637,698
1775762129956,659,730
1775762129977,685,759
1775762129998,723,787
1775762130019,764,810
1775762130039,796,822
1775762130060,819,831
1775762130081,831,834
1775762130276,832,834
1775762130297,838,833
1775762130317,855,831
1775762130339,890,825
1775762130360,950,819
1775762130380,1004,811
1775762130401,1052,807
1775762130422,1084,806
1775762130443,1101,806
1775762130463,1107,806
1775762132703,1108,806
1775762132723,1117,802
1775762132743,1143,785
1775762132763,1195,764
1775762132784,1236,755
1775762132806,1277,750
1775762132825,1304,750
1775762132840,1318,750
1775762132859,1334,752
1775762132880,1343,755
1775762132900,1344,755
1775762134003,1343,755
1775762134025,1341,755
1775762134061,1337,755
1775762134081,1334,752
1775762134101,1325,744
1775762134122,1305,729
1775762134144,1273,707
1775762134163,1238,680
1775762134185,1195,650
1775762134206,1172,635
1775762134226,1152,624
1775762134247,1134,618
1775762134267,1123,615
1775762134289,1117,614
1775762134309,1116,614
1775762134577,1115,614
1775762134597,1103,617
1775762134618,1083,622
1775762134638,1047,626
1775762134659,995,630
1775762134680,936,633
1775762134700,870,636
1775762134721,836,639
1775762134740,809,642
1775762134761,793,644
1775762134782,786,645
1775762135514,779,650
1775762135536,761,667
1775762135555,745,686
1775762135575,722,714
1775762135596,701,748
1775762135616,682,777
1775762135638,664,802
1775762135658,650,821
1775762135678,640,842
1775762135699,632,865
1775762135719,624,883
1775762135739,615,895
1775762136169,615,896
1775762136188,615,913
1775762136207,612,941
1775762136228,609,973
1775762136249,605,1000
1775762136270,599,1032
1775762136290,593,1054
1775762136310,590,1068
1775762136331,588,1075
1775762136353,587,1079
1775762136371,587,1079
1775762136392,586,1079
1775762137858,586,1078
1775762137879,586,1070
1775762137899,588,1056
1775762137921,595,1026
1775762137940,613,971
1775762137962,638,903
1775762137983,677,810
1775762138004,699,761
1775762138024,712,733
1775762138045,720,713
1775762138066,724,702
1775762138087,725,696
1775762138108,725,690
1775762138419,724,679
1775762138438,717,671
1775762138454,707,660
1775762138475,683,636
1775762138497,654,612
1775762138518,618,583
1775762138538,601,571
1775762138559,590,564
1775762138579,583,561
1775762138601,579,560
1775762138909,578,559
1775762138929,567,552
1775762138950,549,535
1775762138971,523,511
1775762138991,499,490
1775762139011,473,459
1775762139033,451,435
1775762139052,435,416
1775762139072,425,402
1775762139093,416,394
1775762139294,408,390
1775762139313,397,389
1775762139334,371,372
1775762139354,332,339
1775762139374,287,298
1775762139395,251,269
1775762139416,229,253
1775762139437,212,241
1775762139457,202,232
1775762139477,195,223
1775762139498,190,216
1775762139518,185,211
1775762139538,179,206
1775762139559,175,202
1775762139580,170,199
1775762139602,167,197
1775762139669,167,196
1775762139688,164,189
1775762139708,161,178
1775762139730,156,164
1775762139750,153,153
1775762139770,149,143
1775762139791,145,133
1775762139811,142,125
1775762139832,138,119
1775762139852,136,116
1775762140009,135,116
1775762141356,138,117
1775762141376,157,130
1775762141397,188,152
1775762141417,232,190
1775762141438,286,241
1775762141458,345,312
1775762141478,408,402
1775762141499,461,482
1775762141520,479,517
1775762141894,479,521
1775762141914,484,517
1775762141935,505,503
1775762141955,541,487
1775762141975,600,468
1775762141996,666,456
1775762142017,705,453
1775762142033,723,454
1775762142051,746,457
1775762142073,758,461
1775762142094,761,463
1775762142380,764,463
1775762142401,775,461
1775762142421,804,457
1775762142441,868,458
1775762142462,968,473
1775762142482,1042,491
1775762142504,1111,514
1775762142523,1162,534
1775762142544,1198,550
1775762142565,1217,561
1775762142586,1225,566
1775762142607,1224,570
1775762142882,1226,570
1775762142903,1242,563
1775762142922,1282,550
1775762142943,1353,528
1775762142964,1438,506
1775762142985,1478,496
1775762143005,1498,492
1775762143025,1507,490
1775762143046,1510,489
1775762144121,1510,489
1775762144142,1515,481
1775762144162,1530,463
1775762144183,1560,432
1775762144204,1594,402
1775762144224,1626,376
1775762144245,1648,360
1775762144267,1664,349
1775762144288,1675,342
1775762144308,1681,339
1775762144333,1683,338
1775762144360,1683,338
1775762144380,1685,337
1775762144401,1688,339
1775762144421,1691,343
1775762144442,1694,350
1775762144462,1694,368
1775762144483,1689,399
1775762144503,1679,432
1775762144524,1666,463
1775762144545,1650,488
1775762144564,1631,514
1775762144585,1617,530
1775762144606,1607,537
1775762144627,1604,538
1775762144826,1604,535
1775762144846,1600,538
1775762144868,1593,547
1775762144887,1575,563
1775762144907,1558,579
1775762144928,1536,596
1775762144948,1515,613
1775762144969,1498,626
1775762144990,1486,637
1775762145010,1477,645
1775762145031,1471,649
1775762145051,1467,650
1775762145072,1465,651
1775762145105,1464,651
1775762145153,1463,651
1775762145188,1462,651
1775762145276,1462,651
1775762145317,1462,651
1775762145337,1461,651
1775762145358,1458,652
1775762145384,1457,654
1775762145406,1456,655
1775762145434,1455,655
1775762145542,1454,655
1775762145726,1454,654
1775762145746,1454,646
1775762145767,1461,631
1775762145787,1472,606
1775762145808,1483,583
1775762145829,1493,561
1775762145849,1501,545
1775762145870,1505,536
1775762145891,1507,532
1775762146231,1508,530
1775762146252,1503,535
1775762146273,1492,545
1775762146293,1474,562
1775762146315,1453,580
1775762146336,1434,595
1775762146356,1421,603
1775762146376,1413,606
1775762146581,1412,606
1775762146602,1402,610
1775762146622,1383,615
1775762146642,1358,621
1775762146663,1332,624
1775762146683,1313,624
1775762146703,1299,624
1775762146724,1292,623
1775762146745,1289,621
1775762146766,1288,619
1775762146786,1287,619
1775762146827,1287,619
1775762151845,1285,619
1775762151865,1263,622
1775762151886,1235,626
1775762151906,1201,631
1775762151926,1161,632
1775762151947,1125,633
1775762151968,1085,633
1775762151988,1053,633
1775762152008,1031,631
1775762152029,1016,630
1775762152049,1010,628
1775762152172,1009,628
1775762152194,1016,630
1775762152213,1033,635
1775762152234,1061,644
1775762152254,1095,653
1775762152275,1126,658
1775762152294,1155,661
1775762152315,1177,663
1775762152336,1191,666
1775762152355,1197,666
1775762152391,1198,664
1775762154478,1198,664
1775762154502,1204,660
1775762154521,1223,646
1775762154542,1255,622
1775762154562,1294,595
1775762154583,1333,574
1775762154605,1368,560
1775762154625,1398,553
1775762154646,1411,550
1775762154668,1416,548
1775762154688,1417,548
1775762154731,1417,548
1775762154786,1417,550
1775762154806,1418,551
1775762154827,1421,554
1775762154847,1423,563
1775762154868,1427,577
1775762154889,1432,591
1775762154910,1440,608
1775762154931,1449,626
1775762154951,1456,641
1775762154973,1461,649
1775762154993,1462,651
1775762155539,1461,652
1775762155559,1451,655
1775762155579,1438,658
1775762155601,1424,659
1775762155621,1399,658
1775762155641,1367,658
1775762155661,1333,659
1775762155681,1312,659
1775762155702,1297,662
1775762155722,1291,666
1775762155743,1290,669
1775762155764,1289,675
1775762155785,1289,685
1775762155805,1290,699
1775762155826,1294,721
1775762155848,1301,742
1775762155869,1307,756
1775762155889,1316,771
1775762155910,1332,791
1775762155931,1352,809
1775762155951,1370,820
1775762155972,1384,823
1775762155988,1391,822
1775762156007,1399,814
1775762156028,1404,804
1775762156049,1406,798
1775762156070,1406,796
1775762156112,1406,795
1775762156613,1406,795
1775762156634,1403,795
1775762156654,1395,788
1775762156674,1375,762
1775762156695,1331,699
1775762156716,1261,598
1775762156737,1187,483
1775762156757,1145,409
1775762156778,1129,377
1775762156799,1121,364
1775762156819,1117,358
1775762157012,1115,356
1775762157033,1108,350
1775762157053,1090,333
1775762157073,1045,287
1775762157094,978,214
1775762157114,925,157
1775762157135,892,118
1775762157155,876,99
1775762157175,867,90
1775762157196,861,84
1775762157217,855,81
1775762157446,853,79
1775762157466,838,73
1775762157487,804,66
1775762157507,747,57
1775762157527,702,51
1775762157548,665,45
1775762157570,636,44
1775762157590,612,43
1775762157611,594,44
1775762157632,581,46
1775762157652,573,46
1775762157673,569,46
1775762157719,568,46
1775762157898,565,46
1775762157917,555,48
1775762157938,544,50
1775762157959,533,51
1775762157979,525,50
1775762158001,520,48
1775762158020,517,47
1775762158041,514,45
1775762158062,511,39
1775762158083,507,35
1775762158103,503,32
1775762158124,498,28
1775762158146,495,24
1775762158167,492,21
1775762158188,491,20
1775762158208,489,18
1775762158224,488,16
1775762158245,486,14
1775762158265,485,11
1775762158286,483,10
1775762158313,482,9
1775762158340,482,8
1775762158470,482,8
1775762158490,483,8
1775762158506,484,8
1775762158527,487,10
1775762158549,490,12
1775762158569,492,14
1775762158590,493,15
1775762158621,494,15
1775762158674,495,16
1775762158756,495,16
1775762158824,495,16
1775762158852,495,16
1775762159218,493,17
1775762159238,479,20
1775762159258,453,27
1775762159279,421,34
1775762159299,389,37
1775762159320,364,41
1775762159340,345,42
1775762159361,330,42
1775762159381,322,41
1775762159404,317,39
1775762159423,315,38
1775762159444,313,37
1775762159463,312,36
1775762159486,311,36
1775762159504,310,35
1775762159524,308,33
1775762159545,305,32
1775762159565,303,30
1775762159585,301,28
1775762159606,298,27
1775762159627,296,26
1775762159647,293,24
1775762159668,289,21
1775762159688,284,18
1775762159708,281,15
1775762159729,278,14
1775762159763,277,12
1775762160272,277,12
1775762160292,282,16
1775762160313,290,19
1775762160334,298,24
1775762160354,306,26
1775762160375,309,27
1775762160395,310,27
1775762160531,310,26
1775762160565,309,24
1775762160586,308,23
1775762160607,307,21
1775762160631,307,20
1775762160652,306,19
1775762160680,304,18
1775762160715,304,18
1775762160770,304,18
1775762160790,304,18
1775762160812,303,18
1775762160852,302,18
1775762160886,302,18
1775762160920,301,18
1775762160954,301,18
1775762160995,301,18
1775762161319,299,18
1775762161340,295,19
1775762161361,293,19
1775762161381,289,19
1775762161402,286,19
1775762161423,283,18
1775762161446,279,18
1775762161465,274,18
1775762161486,269,18
1775762161506,264,18
1775762161527,261,17
1775762161548,258,17
1775762161571,257,17
1775762161590,257,17
1775762161633,256,17
1775762161680,256,17
1775762161707,255,17
1775762161728,255,17
1775762161754,254,17
1775762161775,254,17
1775762161795,253,17
1775762161822,253,17
1775762161884,252,17
1775762162285,253,18
1775762162306,258,27
1775762162327,267,44
1775762162347,276,69
1775762162368,284,92
1775762162388,289,110
1775762162409,291,123
1775762162430,291,130
1775762162451,291,133
1775762164721,291,134
1775762164741,289,142
1775762164762,286,153
1775762164783,282,168
1775762164804,277,187
1775762164824,273,205
1775762164846,267,220
1775762164867,263,229
1775762164887,261,238
1775762164908,259,243
1775762164929,258,246
1775762164979,258,247
1775762165006,258,248
1775762165034,258,249
1775762165055,258,250
1775762165075,259,251
1775762165095,261,255
1775762165116,263,258
1775762165137,264,260
1775762165158,265,264
1775762165179,266,268
1775762165200,266,273
1775762165221,267,276
1775762165242,268,279
1775762165262,270,286
1775762165283,271,294
1775762165304,272,300
1775762165324,272,302
1775762165340,272,303
1775762165375,272,303
1775762165423,272,303
1775762165464,272,304
1775762165490,271,304
1775762165512,271,304
1775762165533,271,304
1775762166813,272,305
1775762166833,290,323
1775762166853,321,349
1775762166873,357,378
1775762166894,398,409
1775762166915,456,448
1775762166935,519,487
1775762166957,557,503
1775762166978,578,511
1775762167204,585,514
1775762167224,599,520
1775762167244,626,527
1775762167264,669,533
1775762167285,723,538
1775762167305,772,550
1775762167326,805,561
1775762167347,824,568
1775762167367,832,571
1775762167387,838,574
1775762167408,843,578
1775762167429,846,581
1775762167462,847,582
1775762167503,848,582
1775762167667,848,581
1775762167695,847,581
1775762167722,847,580
1775762170582,847,581
1775762170602,847,586
1775762170623,846,591
1775762170643,843,601
1775762170664,840,612
1775762170685,836,624
1775762170706,833,635
1775762170727,831,646
1775762170747,830,657
1775762170769,830,662
1775762170875,831,663
1775762170895,833,659
1775762170916,836,653
1775762170936,842,644
1775762170957,850,634
1775762170978,859,625
1775762170998,866,618
1775762171018,869,616
1775762171066,870,616
1775762172696,869,616
1775762172716,866,616
1775762172737,853,616
1775762172757,828,609
1775762172778,789,589
1775762172798,736,555
1775762172819,687,518
1775762172839,637,477
1775762172860,572,421
1775762172880,523,380
1775762172901,490,352
1775762172921,479,343
1775762173268,479,343
1775762173288,485,352
1775762173309,497,373
1775762173330,513,395
1775762173351,525,413
1775762173372,534,427
1775762173393,542,436
1775762173414,546,441
1775762173435,550,445
1775762173469,551,445
1775762173492,551,444
1775762173511,552,444
1775762173532,554,440
1775762173554,556,436
1775762173573,561,428
1775762173594,573,412
1775762173615,585,399
1775762173636,597,386
1775762173657,609,375
1775762173678,621,367
1775762173699,628,364
1775762173720,632,362
1775762173998,633,362
1775762174019,643,362
1775762174039,666,360
1775762174060,689,360
1775762174080,715,364
1775762174101,744,372
1775762174123,764,381
1775762174143,778,389
1775762174163,786,392
1775762174184,788,393
1775762174524,789,393
1775762174545,794,390
1775762174566,806,386
1775762174590,818,382
1775762174608,831,378
1775762174629,840,375
1775762174650,847,373
1775762174670,850,372
1775762174797,852,372
1775762174817,852,372
1775762174837,854,372
1775762174859,861,372
1775762174879,872,371
1775762174899,884,369
1775762174920,899,368
1775762174941,912,367
1775762174963,922,366
1775762174983,930,366
1775762175004,935,365
1775762175024,939,365
1775762175045,942,364
1775762175436,944,365
1775762175457,948,366
1775762175478,956,369
1775762175497,968,374
1775762175518,976,376
1775762175539,982,377
1775762175560,984,377
1775762175908,984,377
1775762175928,983,380
1775762175948,979,382
1775762175969,964,385
1775762175990,936,389
1775762176011,885,392
1775762176032,844,394
1775762176052,798,399
1775762176073,764,401
1775762176095,738,401
1775762176114,722,401
1775762176136,716,401
1775762176397,714,401
1775762176417,709,401
1775762176438,697,402
1775762176458,679,403
1775762176479,653,403
1775762176500,623,403
1775762176520,599,402
1775762176540,584,402
1775762176561,574,401
1775762176581,567,400
1775762176601,564,400
1775762176786,564,400
1775762176813,565,401
1775762176833,565,402
1775762176854,565,402
1775762176881,565,403
1775762176901,565,403
1775762176920,565,404
1775762176943,565,404
1775762176963,566,405
1775762176990,566,407
1775762177011,565,407
1775762177032,564,409
1775762177059,564,410
1775762177080,564,411
1775762177209,564,410
1775762177229,563,407
1775762177249,563,404
1775762177277,563,403
1775762177304,563,402
1775762177331,563,401
1775762177372,563,401
1775762178314,571,398
1775762178334,615,392
1775762178355,694,396
1775762178375,830,413
1775762178395,932,430
1775762178416,1029,445
1775762178436,1088,455
1775762178457,1124,463
1775762178705,1141,466
1775762178726,1159,466
1775762178747,1195,464
1775762178767,1261,453
1775762178788,1332,438
1775762178809,1396,428
1775762178829,1437,427
1775762178850,1456,429
1775762178871,1466,430
1775762178887,1468,430
1775762179798,1469,430
1775762179818,1475,430
1775762179838,1491,431
1775762179859,1508,435
1775762179880,1523,444
1775762179900,1538,461
1775762179921,1558,498
1775762179941,1572,543
1775762179961,1576,570
1775762179982,1575,591
1775762180003,1572,599
1775762180023,1571,601
1775762184907,1570,601
1775762184928,1564,600
1775762184948,1551,600
1775762184969,1531,600
1775762184989,1506,603
1775762185009,1471,606
1775762185030,1407,605
1775762185051,1354,600
1775762185071,1283,589
1775762185092,1235,575
1775762185112,1201,565
1775762185134,1181,559
1775762185155,1173,557
1775762185420,1171,556
1775762185439,1165,556
1775762185460,1152,560
1775762185481,1125,563
1775762185501,1092,564
1775762185522,1043,562
1775762185544,1006,557
1775762185564,963,552
1775762185585,928,547
1775762185606,904,544
1775762185627,889,544
1775762185881,885,543
1775762185901,876,545
1775762185922,857,546
1775762185942,829,545
1775762185962,795,542
1775762185983,758,537
1775762186004,719,529
1775762186024,686,524
1775762186045,661,521
1775762186065,643,521
1775762186085,634,520
1775762186106,629,519
1775762186323,628,518
1775762186342,619,518
1775762186363,604,516
1775762186384,579,511
1775762186405,559,508
1775762186426,544,505
1775762186446,531,501
1775762186467,520,497
1775762186490,512,493
1775762186509,506,491
1775762186529,501,488
1775762186550,497,485
1775762186572,494,482
1775762186592,492,481
1775762186613,491,479
1775762186634,489,476
1775762186656,486,474
1775762186675,483,471
1775762186696,478,467
1775762186717,476,467
1775762186738,475,467
1775762186915,475,467
1775762186935,475,468
1775762187497,476,468
1775762187517,482,468
1775762187538,495,468
1775762187559,512,468
1775762187579,528,467
1775762187599,541,467
1775762187620,553,468
1775762187640,562,471
1775762187662,570,471
1775762187682,574,472
1775762187703,578,473
1775762187724,583,474
1775762187745,587,475
1775762188039,589,476
1775762188060,598,484
1775762188080,613,500
1775762188100,629,520
1775762188121,642,544
1775762188142,651,563
1775762188164,656,574
1775762188182,658,580
1775762188203,658,582
1775762190016,658,582
1775762190036,668,584
1775762190057,680,589
1775762190077,691,592
1775762190098,701,595
1775762190119,708,597
1775762190140,711,597
1775762190166,711,597
1775762190221,712,597
1775762190391,712,597
1775762190417,711,596
1775762190445,709,593
1775762191214,709,595
1775762191235,711,598
1775762191255,716,607
1775762191276,723,622
1775762191297,735,639
1775762191317,747,652
1775762191337,758,661
1775762191358,768,669
1775762191379,777,675
1775762191399,786,679
1775762191419,792,680
1775762191650,792,679
1775762191670,778,670
1775762191692,751,652
1775762191712,703,625
1775762191732,637,589
1775762191752,599,568
1775762191773,558,547
1775762191795,528,532
1775762191814,507,519
1775762191835,493,512
1775762191862,490,509
1775762192021,491,502
1775762192042,478,498
1775762192063,453,484
1775762192083,417,461
1775762192105,393,440
1775762192126,363,414
1775762192147,341,392
1775762192168,327,378
1775762192188,318,369
1775762192209,312,363
1775762192229,308,358
1775762192251,305,356
1775762192272,303,355
1775762192292,301,352
1775762192328,298,351
1775762192348,298,350
1775762192382,298,350
1775762192403,297,350
1775762192423,294,348
1775762192443,290,345
1775762192464,286,340
1775762192484,281,337
1775762192505,278,333
1775762192525,276,331
1775762192549,274,330
1775762192566,274,330
1775762192607,273,329
1775762192703,273,329
1775762203462,1864,1027
1775762203482,1827,997
1775762203503,1782,945
1775762203524,1745,894
1775762203544,1708,841
1775762203564,1680,805
1775762203585,1662,784
1775762203605,1647,769
1775762203626,1639,761
1775762203646,1634,759
1775762203862,1628,761
1775762203883,1614,761
1775762203903,1590,757
1775762203925,1545,744
1775762203944,1481,717
1775762203964,1390,679
1775762203986,1294,641
1775762204006,1233,616
1775762204027,1202,601
1775762204047,1192,597
1775762204249,1190,597
1775762204269,1171,599
1775762204290,1141,598
1775762204311,1089,595
1775762204331,1015,588
1775762204353,943,572
1775762204374,895,556
1775762204395,864,542
1775762204415,843,532
1775762204436,833,526
1775762204458,828,523
1775762204686,826,521
1775762204708,822,520
1775762204728,811,511
1775762204748,792,485
1775762204769,761,444
1775762204792,743,414
1775762204811,731,398
1775762204832,723,387
1775762204853,716,381
1775762204873,714,377
1775762204904,713,377
1775762205392,713,377
1775762205412,712,375
1775762205432,709,369
1775762205453,702,357
1775762205474,690,338
1775762205494,679,319
1775762205514,669,304
1775762205535,663,296
1775762205556,658,289
1775762205576,655,284
1775762205596,652,280
1775762205617,650,277
1775762205644,647,276
1775762205665,645,275
1775762205686,643,274
1775762205708,641,273
1775762205727,639,273
1775762205754,638,273
1775762205794,637,273
1775762205822,637,273
1775762205845,636,273
1775762205862,634,275
1775762205883,632,276
1775762205915,630,278
1775762205938,629,278
1775762205958,627,278
1775762205986,625,279
1775762206006,623,279
1775762206033,621,279
1775762206054,619,279
1775762206074,618,279
1775762206204,618,279
1775762206272,618,279
1775762206306,618,280
1775762206340,618,282
1775762206416,617,282
1775762206442,617,283
1775762210486,616,283
1775762210505,601,279
1775762210526,578,275
1775762210546,550,270
1775762210567,523,266
1775762210589,496,260
1775762210609,477,255
1775762210629,462,250
1775762210650,450,248
1775762210671,446,247
1775762212441,446,247
1775762212469,444,246
1775762212490,440,244
1775762212511,430,247
1775762212532,412,255
1775762212553,390,267
1775762212573,368,279
1775762212594,352,288
1775762212615,342,306
1775762212636,339,325
1775762212657,341,343
1775762212677,351,363
1775762212698,371,382
1775762212720,398,394
1775762212740,423,396
1775762212761,439,390
1775762212782,449,373
1775762212803,451,351
1775762212823,445,320
1775762212844,433,302
1775762212865,415,288
1775762212886,399,283
1775762212906,389,279
1775762212928,383,279
1775762212949,379,278
1775762213411,379,278
1775762213430,391,276
1775762213452,419,271
1775762213472,476,268
1775762213492,553,269
1775762213513,621,275
1775762213533,678,286
1775762213554,722,296
1775762213574,747,304
1775762213594,759,309
1775762213812,763,310
1775762213831,775,306
1775762213853,805,296
1775762213872,871,278
1775762213893,990,260
1775762213913,1109,248
1775762213935,1183,241
1775762213955,1229,240
1775762213975,1255,240
1775762213996,1265,241
1775762214225,1265,241
1775762214246,1272,241
1775762214266,1288,238
1775762214287,1313,235
1775762214306,1333,234
1775762214327,1348,235
1775762214347,1355,236
1775762214368,1358,236
1775762214443,1357,236
1775762214464,1353,236
1775762214485,1351,235
1775762214718,1349,236
1775762214738,1339,242
1775762214759,1319,251
1775762214779,1293,264
1775762214799,1248,284
1775762214820,1194,305
1775762214840,1149,322
1775762214861,1120,333
1775762214881,1098,345
1775762214902,1089,349
1775762216106,1088,350
1775762216127,1095,349
1775762216147,1114,348
1775762216168,1145,347
1775762216189,1188,348
1775762216208,1222,351
1775762216229,1251,357
1775762216249,1271,363
1775762216270,1282,368
1775762216291,1288,372
1775762216554,1289,372
1775762216573,1299,372
1775762216595,1326,368
1775762216615,1381,358
1775762216636,1473,342
1775762216656,1537,332
1775762216677,1582,327
1775762216697,1604,324
1775762216719,1614,323
1775762216739,1617,323
1775762217014,1618,322
1775762217035,1634,315
1775762217055,1666,301
1775762217077,1703,285
1775762217096,1733,273
1775762217111,1750,265
1775762217130,1766,257
1775762217150,1773,253
1775762217171,1775,252
1775762218422,1774,251
1775762218447,1773,251
1775762218469,1767,250
1775762218490,1743,253
1775762218510,1633,267
1775762218531,1476,266
1775762218552,1257,234
1775762218573,1094,194
1775762218594,988,161
1775762218614,937,141
1775762218636,922,133
1775762218821,919,131
1775762218840,903,132
1775762218861,871,134
1775762218882,788,132
1775762218903,682,119
1775762218923,566,97
1775762218943,510,82
1775762218963,477,74
1775762218984,463,70
1775762219194,458,63
1775762219214,451,56
1775762219235,435,43
1775762219256,411,27
1775762219275,387,12
1775762219296,366,3
1775762219399,328,0
1775762219420,324,1
1775762219440,321,5
1775762219461,316,7
1775762219482,312,10
1775762219503,308,16
1775762219524,304,20
1775762219545,301,25
1775762219566,298,27
1775762219582,296,28
1775762219610,296,28
1775762219630,295,28
1775762219658,295,28
1775762219678,295,28
1775762219712,294,27
1775762219732,294,27
1775762219753,293,25
1775762219788,293,23
1775762219815,293,21
1775762222613,293,21
1775762222634,292,39
1775762222655,291,73
1775762222675,291,102
1775762222696,296,131
1775762222717,303,161
1775762222738,311,194
1775762222759,315,230
1775762222779,314,251
1775762222801,310,267
1775762222822,307,273
1775762222859,306,275
1775762222879,305,275
1775762222920,305,275
1775762222940,304,275
1775762222974,301,276
1775762222995,299,277
1775762223015,297,279
1775762223037,295,284
1775762223057,292,288
1775762223079,288,295
1775762223099,282,302
1775762223121,276,307
1775762223140,271,311
1775762223165,269,312
1775762223196,267,312
1775762223240,267,312
1775762223289,267,312
1775762223930,266,311
1775762223950,265,305
1775762223971,265,294
1775762223991,266,271
1775762224012,267,244
1775762224032,269,217
1775762224052,271,189
1775762224072,271,163
1775762224094,268,142
1775762224114,265,123
1775762224134,262,104
1775762224155,259,83
1775762224175,258,71
1775762224196,256,63
1775762224217,255,56
1775762224237,253,50
1775762224260,251,42
1775762224279,250,35
1775762224300,247,28
1775762224322,244,20
1775762224342,242,11
1775762224363,241,6
1775762224517,242,6
1775762224543,243,7
1775762224564,245,9
1775762224585,246,10
1775762224606,247,12
1775762224626,247,15
1775762224647,248,16
1775762224681,249,18
1775762224715,249,18
1775762224776,249,18
1775762225263,250,19
1775762225284,269,34
1775762225304,301,68
1775762225325,345,128
1775762225345,399,197
1775762225365,442,242
1775762225386,473,269
1775762225406,502,296
1775762225427,515,313
1775762225447,519,323
1775762225625,518,328
1775762225645,529,338
1775762225666,558,358
1775762225686,603,386
1775762225706,669,426
1775762225727,718,459
1775762225748,754,487
1775762225768,775,503
1775762225789,787,515
1775762225809,790,524
1775762225998,790,526
1775762226019,792,533
1775762226039,797,548
1775762226061,805,569
1775762226080,812,587
1775762226100,817,600
1775762226121,821,608
1775762226142,822,610
1775762226285,822,609
1775762226305,821,606
1775762226326,819,604
1775762226346,818,601
1775762226366,816,600
1775762226391,815,598
1775762226413,814,596
1775762226433,812,593
1775762226456,811,592
1775762226490,809,591
1775762226551,809,591
1775762227240,808,591
1775762227260,795,582
1775762227280,763,559
1775762227300,714,521
1775762227321,664,485
1775762227342,610,446
1775762227362,570,412
1775762227384,547,386
1775762227591,533,369
1775762227611,511,349
1775762227631,478,310
1775762227651,449,270
1775762227672,417,215
1775762227693,391,166
1775762227713,378,140
1775762227733,366,116
1775762227754,354,95
1775762227774,345,78
1775762227794,338,69
1775762227815,332,61
1775762227836,328,56
1775762227857,326,53
1775762227876,325,52
1775762227897,323,51
1775762227917,318,46
1775762227939,308,39
1775762227959,296,33
1775762227980,290,29
1775762228002,288,27
1775762228023,286,26
1775762228040,286,25
1775762228060,285,25
1775762228102,285,25
1775762228720,286,27
1775762228742,291,50
1775762228762,301,93
1775762228781,321,175
1775762228802,334,224
1775762228822,347,257
1775762228842,359,285
1775762228863,367,303
1775762229298,368,309
1775762234846,368,310
1775762234868,364,310
1775762234890,358,307
1775762234909,351,297
1775762234931,339,279
1775762234952,332,260
1775762234972,329,249
1775762234993,329,246
1775762235017,329,246
1775762235037,331,246
1775762235057,336,252
1775762235078,346,273
1775762235098,359,310
1775762235120,376,348
1775762235140,387,371
1775762235160,392,378
1775762235441,393,380
1775762235461,393,376
1775762235482,392,371
1775762235503,392,364
1775762235522,391,358
1775762235543,390,355
1775762235563,388,349
1775762235585,384,341
1775762235604,379,334
1775762235625,375,328
1775762235646,372,323
1775762235667,371,321
1775762235686,370,319
1775762235742,369,319
1775762235857,369,318
1775762236308,373,318
1775762236328,395,319
1775762236349,432,330
1775762236369,514,374
1775762236390,588,426
1775762236410,706,525
1775762236431,775,587
1775762236452,805,619
1775762236472,821,645
1775762236843,819,645
1775762236863,808,649
1775762236883,786,650
1775762236903,729,641
1775762236924,641,622
1775762236945,526,587
1775762236965,438,539
1775762236986,376,493
1775762237007,332,452
1775762237027,314,434
1775762237049,307,428
1775762237234,305,427
1775762237254,292,416
1775762237274,268,389
1775762237295,230,340
1775762237316,202,293
1775762237336,184,257
1775762237357,169,229
1775762237377,159,211
1775762237397,150,197
1775762237418,143,184
1775762237440,136,170
1775762237459,131,158
1775762237480,126,150
1775762237500,121,143
1775762237521,115,135
1775762237541,107,128
1775762237562,96,121
1775762237583,88,116
1775762237603,77,110
1775762237625,64,106
1775762237646,52,99
1775762237666,43,92
1775762237688,37,88
1775762237708,33,83
1775762237728,29,80
1775762237749,27,78
1775762237784,26,77
1775762237812,25,75
1775762237833,25,75
1775762237978,24,74
1775762238012,24,74
1775762238722,24,74
1775762238742,32,90
1775762238763,51,123
1775762238784,73,167
1775762238805,107,249
1775762238825,146,351
1775762238847,193,510
1775762238867,235,637
1775762238889,255,689
1775762239076,259,702
1775762239097,261,704
1775762239117,263,708
1775762239138,268,717
1775762239159,276,729
1775762239180,286,742
1775762239201,294,753
1775762239221,301,761
1775762239242,307,768
1775762239263,314,774
1775762239284,320,777
1775762239304,323,778
1775762239326,325,778
1775762239360,326,778
1775762240013,326,778
1775762240034,330,779
1775762240055,334,780
1775762240076,342,784
1775762240096,353,785
1775762240117,366,785
1775762240139,378,783
1775762240160,389,780
1775762240179,397,778
1775762240200,403,777
1775762240222,409,777
1775762240242,412,776
1775762240277,413,776
1775762240292,414,776
1775762240313,414,775
1775762240333,414,775
1775762240353,414,774
1775762240381,413,771
1775762240401,411,768
1775762240423,410,765
1775762240444,408,760
1775762240464,407,758
1775762240483,406,757
1775762240531,405,756
1775762241182,406,756
1775762241202,417,750
1775762241223,449,740
1775762241244,497,728
1775762241264,567,709
1775762241285,636,697
1775762241305,693,696
1775762241326,731,700
1775762241347,756,706
1775762241367,770,712
1775762241388,773,714
1775762241685,774,714
1775762241705,785,711
1775762241727,811,696
1775762241746,870,664
1775762241767,935,634
1775762241787,996,615
1775762241808,1050,599
1775762241830,1078,593
1775762241848,1098,590
1775762241870,1107,589
1775762242300,1108,589
1775762242320,1122,580
1775762242341,1147,570
1775762242362,1179,559
1775762242382,1222,547
1775762242402,1262,537
1775762242423,1293,533
1775762242444,1312,532
1775762242465,1318,532
1775762242485,1320,532
1775762245362,1319,532
1775762245381,1314,534
1775762245402,1295,536
1775762245422,1264,534
1775762245443,1221,529
1775762245463,1172,518
1775762245484,1115,503
1775762245505,1072,492
1775762245526,1038,483
1775762245546,1016,479
1775762245569,1005,476
1775762245804,1002,474
1775762245825,997,475
1775762245845,990,476
1775762245866,976,472
1775762245887,959,459
1775762245907,944,445
1775762245929,930,422
1775762245949,921,398
1775762245970,915,375
1775762245991,913,354
1775762246012,914,333
1775762246033,915,320
1775762246053,915,312
1775762246284,915,311
1775762246303,911,315
1775762246325,899,321
1775762246345,882,327
1775762246366,858,330
1775762246387,834,332
1775762246408,810,333
1775762246429,789,330
1775762246449,771,325
1775762246470,759,320
1775762246492,751,314
1775762246512,745,307
1775762246533,742,303
1775762246784,741,301
1775762246804,737,302
1775762246825,736,301
1775762246852,735,297
1775762246872,739,285
1775762246894,750,267
1775762246914,770,248
1775762246935,798,232
1775762246956,832,218
1775762246978,856,208
1775762246997,876,203
1775762247018,885,200
1775762247039,888,200
1775762247211,888,199
1775762247231,890,193
1775762247251,898,176
1775762247273,909,155
1775762247292,919,136
1775762247312,924,126
1775762247333,927,122
1775762247381,927,122
1775762247458,927,121
1775762247478,925,118
1775762247498,922,115
1775762247518,920,113
1775762247539,916,110
1775762247561,914,109
1775762247594,913,108
1775762247613,912,108
1775762249341,910,110
1775762249362,903,116
1775762249381,889,122
1775762249401,871,124
1775762249422,851,124
1775762249443,832,121
1775762249464,812,116
1775762249484,796,113
1775762249505,782,110
1775762249526,773,109
1775762249648,773,109
1775762249668,774,109
1775762249685,775,109
1775762249705,779,109
1775762249727,786,109
1775762249747,792,109
1775762249769,800,110
1775762249790,806,110
1775762249811,811,111
1775762249832,814,111
1775762250234,814,111
1775762250255,814,111
1775762250517,811,111
1775762250545,808,114
1775762250565,807,114
1775762250585,803,114
1775762250606,799,115
1775762250626,793,117
1775762250646,785,118
1775762250667,777,119
1775762250687,769,121
1775762250709,762,121
1775762250728,758,121
1775762253046,758,122
1775762253066,762,126
1775762253087,771,135
1775762253110,783,145
1775762253129,792,154
1775762253150,802,163
1775762253171,812,173
1775762253192,825,181
1775762253212,833,187
1775762253233,836,190
1775762253387,838,190
1775762253409,837,189
1775762253435,837,187
1775762253455,835,185
1775762253478,831,181
1775762253497,825,178
1775762253518,818,175
1775762253539,814,173
1775762253560,811,173
1775762253581,808,173
1775762253601,802,177
1775762253622,792,186
1775762253643,779,204
1775762253664,767,225
1775762253685,757,252
1775762253706,749,276
1775762253726,744,295
1775762253747,742,307
1775762253768,741,315
1775762253983,738,321
1775762254004,738,332
1775762254025,737,352
1775762254046,736,378
1775762254067,735,399
1775762254088,733,412
1775762254108,732,418
1775762254129,731,421
1775762254195,730,420
1775762254485,731,420
1775762254503,731,421
1775762254525,734,425
1775762254546,742,432
1775762254566,747,438
1775762254587,751,441
1775762254607,753,443
1775762254682,753,445
1775762255109,753,445
1775762255129,755,436
1775762255150,760,417
1775762255170,773,378
1775762255192,791,330
1775762255212,807,288
1775762255233,821,259
1775762255254,830,239
1775762255275,836,227
1775762255474,838,224
1775762255495,838,221
1775762255515,838,211
1775762255536,842,190
1775762255556,848,167
1775762255577,853,148
1775762255597,855,137
1775762255618,856,134
1775762255755,856,133
1775762255803,855,133
1775762255822,851,133
1775762255843,842,132
1775762255864,833,131
1775762255886,827,130
1775762255907,824,128
1775762255931,822,127
1775762255965,822,127
1775762256013,822,127
1775762256836,821,127
1775762256856,814,144
1775762256876,803,166
1775762256897,787,197
1775762256917,767,227
1775762256938,746,265
1775762256958,730,287
1775762256979,720,307
1775762256999,710,327
1775762257020,702,342
1775762257040,694,357
1775762257061,689,369
1775762257080,685,376
1775762257100,684,377
1775762257483,683,377
1775762257503,677,377
1775762257524,663,376
1775762257545,636,371
1775762257565,601,366
1775762257587,564,364
1775762257607,539,366
1775762257627,525,372
1775762257649,519,378
1775762257670,520,390
1775762257690,527,405
1775762257712,542,432
1775762257732,563,455
1775762257755,589,472
1775762257774,614,479
1775762257794,638,471
1775762257816,663,436
1775762257837,679,369
1775762257857,681,319
1775762257878,679,283
1775762257899,675,271
1775762257920,668,273
1775762257941,661,285
1775762257961,657,301
1775762257982,657,324
1775762258003,659,346
1775762258023,665,363
1775762258045,671,377
1775762258065,683,402
1775762259059,686,403
1775762259079,706,405
1775762259099,744,410
1775762259120,804,420
1775762259141,888,438
1775762259162,945,453
1775762259184,975,461
1775762259204,988,464
1775762259225,991,466
1775762259250,991,466
1775762259499,992,466
1775762259519,1004,465
1775762259539,1030,467
1775762259560,1064,474
1775762259580,1106,489
1775762259601,1141,503
1775762259621,1165,514
1775762259641,1184,525
1775762259662,1194,535
1775762259684,1197,542
1775762259705,1196,548
1775762259973,1195,552
1775762259993,1207,556
1775762260013,1234,563
1775762260033,1267,573
1775762260054,1293,581
1775762260075,1309,589
1775762260095,1316,592
1775762260184,1316,592
1775762264080,1310,592
1775762264099,1290,595
1775762264120,1252,601
1775762264140,1204,614
1775762264162,1173,622
1775762264182,1152,630
1775762264204,1139,634
1775762264224,1135,635
1775762264493,1134,635
1775762264513,1117,635
1775762264533,1087,636
1775762264554,1037,636
1775762264574,956,640
1775762264595,814,654
1775762264615,668,679
1775762264636,525,707
1775762264656,488,715
1775762264677,479,716
1775762265033,479,716
1775762265053,485,716
1775762265073,505,722
1775762265094,534,730
1775762265115,581,747
1775762265135,623,764
1775762265155,652,777
1775762265175,673,786
1775762265196,684,791
1775762265217,689,793
1775762265450,692,794
1775762265470,704,791
1775762265491,725,784
1775762265511,788,769
1775762265532,875,759
1775762265552,971,758
1775762265573,1017,759
1775762265594,1039,759
1775762265614,1052,759
1775762265634,1057,758
1775762265689,1057,758
1775762265710,1055,756
1775762269887,1052,755
1775762269907,1042,753
1775762269927,1032,746
1775762269948,1015,729
1775762269969,998,700
1775762269990,981,664
1775762270009,968,642
1775762270030,959,628
1775762270051,955,623
1775762270072,952,615
1775762273065,948,613
1775762273085,930,598
1775762273105,909,572
1775762273126,889,545
1775762273146,866,510
1775762273167,844,476
1775762273188,828,448
1775762273208,811,425
1775762273421,804,414
1775762273441,801,401
1775762273462,797,369
1775762273483,796,307
1775762273503,800,243
1775762273524,812,161
1775762273544,824,114
1775762273564,830,90
1775762273585,832,82
1775762273612,832,81
1775762273660,831,80
1775762273680,827,80
1775762273701,822,81
1775762273723,817,86
1775762273743,812,91
1775762273764,805,98
1775762273785,798,106
1775762273806,790,111
1775762273827,786,114
1775762274015,785,114
1775762274049,788,114
1775762274069,790,114
1775762274090,791,114
1775762274111,793,115
1775762274132,795,116
1775762274151,796,116
1775762274831,797,117
1775762274851,791,116
1775762274872,782,115
1775762274894,768,114
1775762274913,757,111
1775762274933,749,110
1775762274954,743,109
1775762274974,741,108
1775762274995,739,107
1775762278299,739,108
1775762278320,742,123
1775762278340,746,157
1775762278362,754,198
1775762278382,764,242
1775762278402,774,271
1775762278424,786,291
1775762278445,802,309
1775762278465,821,320
1775762278486,842,328
1775762278507,859,331
1775762278528,872,331
1775762278548,878,330
1775762278569,880,330
1775762278600,880,331
1775762280989,880,333
1775762281009,879,331
1775762281030,876,324
1775762281050,866,303
1775762281071,852,278
1775762281093,840,253
1775762281112,831,234
1775762281132,821,224
1775762281153,806,220
1775762281174,792,218
1775762281195,777,222
1775762281214,763,234
1775762281237,751,251
1775762281256,741,264
1775762281277,737,270
1775762281457,736,277
1775762281478,732,298
1775762281499,727,332
1775762281520,720,369
1775762281540,715,402
1775762281561,712,423
1775762281582,710,437
1775762281603,710,441
1775762281624,711,444
1775762281640,712,445
1775762281661,715,446
1775762281681,719,446
1775762281703,724,446
1775762281722,731,445
1775762281742,745,443
1775762281763,760,439
1775762281784,775,436
1775762281804,789,432
1775762281825,802,429
1775762281846,813,428
1775762281866,822,427
1775762281887,825,427
1775762281908,827,427
1775762282064,825,428
1775762282084,817,432
1775762282104,802,440
1775762282124,784,449
1775762282146,768,457
1775762282166,758,463
1775762282186,753,465
1775762282207,752,465
1775762282336,752,465
1775762282370,751,465
1775762282397,751,465
1775762282438,751,465
1775762282471,750,462
1775762282493,750,459
1775762282515,750,457
1775762282534,750,456
1775762282561,749,455
1775762282590,749,454
1775762282610,749,453
1775762282630,749,452
1775762282657,749,452
1775762282679,749,450
1775762282726,749,449
1775762283054,749,449
1775762283075,758,447
1775762283096,776,444
1775762283116,806,445
1775762283138,838,455
1775762283160,866,468
1775762283179,884,480
1775762283199,893,488
1775762283221,898,492
1775762283241,898,497
1775762283262,898,499
1775762283381,898,499
1775762283401,897,499
1775762283422,895,499
1775762283443,887,499
1775762283464,877,499
1775762283485,864,498
1775762283505,851,497
1775762283527,841,497
1775762283547,830,497
1775762283567,819,496
1775762283589,813,493
1775762283610,808,490
1775762283630,804,487
1775762283651,802,483
1775762283672,800,480
1775762283694,798,475
1775762283713,796,471
1775762283735,795,467
1775762283756,795,466
1775762283776,794,465
1775762283811,794,464
1775762283845,794,464
1775762283872,794,463
1775762283893,792,461
1775762283913,788,456
1775762283933,784,453
1775762283954,781,450
1775762283975,777,448
1775762283995,776,447
1775762284019,775,447
1775762285065,774,447
1775762285085,768,453
1775762285106,753,468
1775762285127,724,499
1775762285146,693,530
1775762285167,670,556
1775762285188,649,581
1775762285209,634,601
1775762285228,626,615
1775762285249,624,618
1775762285283,624,619
1775762285304,626,621
1775762285326,633,619
1775762285346,645,616
1775762285366,670,607
1775762285388,706,592
1775762285408,737,580
1775762285429,764,569
1775762285449,785,563
1775762285470,795,560
1775762285493,799,559
1775762286731,799,560
1775762286751,806,564
1775762286771,819,574
1775762286792,845,590
1775762286812,878,608
1775762286832,914,626
1775762286854,939,639
1775762286874,960,649
1775762286894,972,655
1775762286915,977,659
1775762286935,977,659
1775762287326,978,659
1775762287347,998,650
1775762287368,1030,636
1775762287388,1097,615
1775762287408,1163,597
1775762287429,1203,589
1775762287450,1228,584
1775762287470,1241,583
1775762287490,1245,583
1775762287708,1247,583
1775762287729,1253,587
1775762287750,1258,589
1775762287790,1256,590
1775762287811,1231,584
1775762287832,1160,555
1775762287853,1075,501
1775762287873,963,401
1775762287893,888,309
1775762287914,844,235
1775762287935,829,212
1775762287956,824,196
1775762288109,824,196
1775762288129,816,195
1775762288150,800,184
1775762288171,783,169
1775762288192,766,149
1775762288213,754,130
1775762288234,748,119
1775762288254,746,116
1775762288368,746,115
1775762288388,751,115
1775762288409,759,114
1775762288429,768,113
1775762288450,779,113
1775762288470,791,113
1775762288491,800,114
1775762288511,805,114
1775762288634,806,114
1775762288657,804,113
1775762288679,798,111
1775762288699,790,111
1775762288720,783,110
1775762288740,776,110
1775762288761,773,110
1775762288777,772,110
1775762288880,770,110
1775762289112,770,110
1775762289132,770,111
1775762289160,772,113
1775762289182,772,113
1775762289208,773,113
1775762289242,773,113
1775762289861,773,113
1775762289883,775,114
1775762289902,777,114
1775762289921,778,114
1775762290790,779,114
1775762290811,778,121
1775762290832,779,136
1775762290851,782,157
1775762290872,786,173
1775762290895,792,186
1775762290914,803,199
1775762290934,815,212
1775762290956,830,221
1775762290977,850,229
1775762290997,874,232
1775762291018,899,236
1775762291039,923,239
1775762291060,944,241
1775762291080,956,242
1775762291101,962,243
1775762291265,966,244
1775762291285,983,243
1775762291305,1019,235
1775762291328,1064,225
1775762291346,1125,216
1775762291367,1174,214
1775762291388,1200,214
1775762291408,1209,214
1775762291429,1211,214
1775762291483,1211,214
1775762291511,1209,215
1775762291532,1207,216
1775762291551,1205,217
1775762291585,1204,218
1775762291606,1203,220
1775762291627,1202,221
1775762291650,1201,222
1775762291688,1200,222
1775762291720,1199,222
1775762291735,1199,222
1775762291756,1198,215
1775762291776,1198,209
1775762291797,1198,204
1775762291817,1198,202
1775762291838,1198,200
1775762291873,1198,199
1775762291933,1198,199
1775762292637,1197,199
1775762292657,1193,198
1775762292678,1182,196
1775762292698,1157,188
1775762292719,1125,173
1775762292739,1093,158
1775762292761,1059,143
1775762292782,1033,131
1775762292802,1011,122
1775762292823,998,115
1775762292844,990,113
1775762292865,986,110
1775762292887,981,108
1775762292906,977,106
1775762292928,972,104
1775762292948,966,102
1775762292969,962,101
1775762292990,959,101
1775762293024,958,101
1775762293040,957,101
1775762293067,956,101
1775762293089,955,101
1775762293108,955,102
1775762293129,955,104
1775762293149,954,105
1775762293170,954,106
1775762293197,954,108
1775762293217,955,110
1775762293245,955,111
1775762295671,954,113
1775762295692,948,117
1775762295713,934,127
1775762295733,912,142
1775762295753,887,153
1775762295774,866,163
1775762295795,847,177
1775762295816,834,193
1775762295837,827,203
1775762295857,827,207
1775762295879,834,216
1775762295899,848,227
1775762295921,869,230
1775762295940,894,213
1775762295963,911,185
1775762295982,926,145
1775762296003,933,121
1775762296025,935,109
1775762296045,935,106
1775762296066,935,106
1775762296087,930,105
1775762296107,915,104
1775762296129,901,104
1775762296149,884,104
1775762296174,871,102
1775762296191,862,102
1775762296211,856,101
1775762296232,854,101
1775762296258,853,101
1775762296374,853,102
1775762296422,853,102
1775762296497,853,102
1775762296841,852,104
1775762296862,845,108
1775762296882,837,114
1775762296902,827,122
1775762296923,817,126
1775762296943,811,127
1775762296963,803,130
1775762296984,796,133
1775762297005,788,137
1775762297026,774,143
1775762297046,757,152
1775762297066,742,164
1775762297087,730,175
1775762297107,725,179
1775762297128,724,181
1775762299251,724,181
1775762299272,733,181
1775762299295,752,186
1775762299315,777,195
1775762299336,812,209
1775762299358,846,229
1775762299378,877,252
1775762299399,899,271
1775762299420,914,284
1775762299441,918,291
1775762299461,919,294
1775762299482,914,305
1775762299503,901,320
1775762299526,883,334
1775762299544,863,348
1775762299565,835,363
1775762299586,804,381
1775762299607,786,391
1775762299629,773,398
1775762299648,768,401
1775762299668,768,402
1775762299918,766,404
1775762299939,758,425
1775762299959,747,449
1775762299979,733,474
1775762299999,720,498
1775762300020,711,520
1775762300041,705,542
1775762300061,703,553
1775762300081,703,557
1775762300103,703,560
1775762300123,706,562
1775762300145,710,564
1775762300164,714,565
1775762300184,721,565
1775762300204,731,559
1775762300225,745,545
1775762300245,758,525
1775762300266,774,503
1775762300288,788,483
1775762300308,796,472
1775762300329,801,464
1775762300350,803,461
1775762300754,802,461
1775762300773,800,462
1775762300823,798,463
1775762300849,797,463
1775762300869,795,461
1775762300890,791,458
1775762300911,783,453
1775762300930,769,447
1775762300951,756,441
1775762300973,745,437
1775762300993,736,434
1775762301013,730,430
1775762301033,726,427
1775762301054,724,425
1775762301074,722,422
1775762301115,722,421
1775762301134,722,421
1775762301156,727,418
1775762301177,745,413
1775762301197,772,407
1775762301218,807,401
1775762301238,834,398
1775762301260,851,395
1775762301279,859,394
1775762301300,862,394
1775762301347,862,394
1775762301381,859,396
1775762301402,854,396
1775762301423,846,396
1775762301442,834,395
1775762301463,818,393
1775762301483,801,392
1775762301505,788,389
1775762301525,777,386
1775762301545,772,385
1775762304924,770,384
1775762304944,771,377
1775762304964,776,362
1775762304985,787,337
1775762305005,799,311
1775762305026,808,293
1775762305046,812,285
1775762305149,813,285
1775762305169,813,285
1775762305190,813,286
1775762305217,814,286
1775762309762,813,286
1775762309782,811,287
1775762309810,808,283
1775762309830,805,266
1775762309850,804,240
1775762309871,803,217
1775762309892,801,200
1775762309912,798,187
1775762309932,794,175
1775762309953,790,166
1775762309973,788,154
1775762309994,783,145
1775762310014,778,139
1775762310035,777,135
1775762310056,776,133
1775762310076,775,132
1775762310103,774,132
1775762310124,774,131
1775762310140,773,130
1775762310162,771,128
1775762310181,770,126
1775762310198,769,125
1775762310219,768,125
1775762310240,768,124
1775762310384,767,124
1775762310445,766,124
1775762310465,765,122
1775762310485,762,119
1775762310505,760,118
1775762310533,758,116
1775762310560,757,115
1775762310588,757,115
1775762314801,755,118
1775762314823,749,140
1775762314842,737,179
1775762314864,730,244
1775762314883,739,303
1775762314904,758,347
1775762314924,779,376
1775762314945,791,391
1775762314965,801,396
1775762314987,818,396
1775762315006,839,387
1775762315027,854,375
1775762315049,867,356
1775762315070,870,333
1775762315090,867,314
1775762315111,862,304
1775762315132,846,302
1775762315153,824,309
1775762315173,804,320
1775762315194,790,331
1775762315217,782,339
1775762315236,781,341
1775762315264,782,342
1775762315285,792,339
1775762315306,804,330
1775762315326,818,315
1775762315346,831,296
1775762315368,842,268
1775762315389,844,246
1775762315409,842,217
1775762315430,831,186
1775762315451,818,164
1775762315472,810,155
1775762315493,805,151
1775762315514,802,149
1775762315534,799,145
1775762315555,796,139
1775762315576,791,125
1775762315597,787,109
1775762315618,784,101
1775762315638,783,99
1775762315941,782,98
1775762315957,782,99
1775762315978,783,100
1775762316000,783,102
1775762316034,783,104
1775762316057,783,104
1775762320350,782,105
1775762320371,781,106
1775762320392,777,108
1775762320412,771,114
1775762320432,761,124
1775762320452,752,134
1775762320473,745,144
1775762320494,741,154
1775762320514,742,164
1775762320534,754,179
1775762320556,773,194
1775762320575,799,204
1775762320597,828,209
1775762320617,848,207
1775762320638,865,199
1775762320659,874,182
1775762320679,875,161
1775762320700,865,136
1775762320722,852,122
1775762320742,837,116
1775762320763,819,118
1775762320783,806,125
1775762320804,798,135
1775762320825,794,152
1775762320846,795,176
1775762320867,798,194
1775762320889,803,205
1775762320909,818,212
1775762321229,816,213
1775762321248,811,216
1775762321270,797,217
1775762321291,768,218
1775762321311,733,217
1775762321332,694,214
1775762321353,648,209
1775762321373,615,207
1775762321394,591,207
1775762321415,581,207
1775762321436,575,207
1775762321742,575,207
1775762321762,587,206
1775762321782,608,198
1775762321803,658,179
1775762321823,693,168
1775762321844,726,159
1775762321864,749,153
1775762321885,761,151
1775762321905,766,150
1775762321926,768,150
1775762321988,769,149
1775762322005,768,148
1775762322022,767,145
1775762322042,766,143
1775762322062,765,142
1775762322083,764,140
1775762322103,761,137
1775762322124,759,135
1775762322144,756,131
1775762322165,754,125
1775762322186,753,122
1775762322206,752,119
1775762322240,752,118
1775762322322,752,118
1775762322342,752,117
1775762322370,751,116
1775762322397,751,116
1775762322438,750,115
1775762327556,750,116
1775762327575,747,139
1775762327596,728,184
1775762327617,696,243
1775762327637,659,303
1775762327659,632,347
1775762327678,612,380
1775762327699,598,411
1775762327720,593,430
1775762327741,593,440
1775762327761,594,449
1775762327783,600,463
1775762327804,608,476
1775762327824,617,488
1775762327845,633,505
1775762327865,661,534
1775762327887,681,556
1775762327908,696,571
1775762327928,714,582
1775762328143,714,582
1775762328164,725,578
1775762328186,751,565
1775762328206,791,545
1775762328227,857,517
1775762328247,960,481
1775762328268,1016,463
1775762328289,1044,455
1775762328310,1057,452
1775762328331,1062,450
1775762329282,1061,448
1775762329303,1049,445
1775762329323,1035,438
1775762329345,1021,430
1775762329366,1004,419
1775762329387,989,404
1775762329407,979,392
1775762329428,971,381
1775762329449,965,369
1775762329470,957,360
1775762329490,948,354
1775762329511,937,346
1775762329532,929,339
1775762329553,923,333
1775762329573,919,330
1775762329595,916,328
1775762329615,912,325
1775762329636,906,319
1775762329658,902,315
1775762329678,898,313
1775762329699,895,311
1775762329720,893,311
1775762329739,893,311
1775762329766,893,311
1775762330604,892,311
1775762330624,880,315
1775762330645,858,322
1775762330665,818,325
1775762330686,769,328
1775762330706,716,329
1775762330727,670,333
1775762330747,643,338
1775762330768,628,341
1775762330789,621,342
1775762330811,618,342
1775762330836,617,342
1775762330918,617,342
1775762330959,617,342
1775762330977,617,342
1775762330997,617,346
1775762331018,618,348
1775762331039,619,351
1775762331060,621,354
1775762331081,622,357
1775762331102,623,360
1775762331122,624,364
1775762331143,624,365
1775762331164,624,367
1775762331184,624,367
1775762331225,624,368
1775762331974,629,366
1775762331993,654,362
1775762332013,687,358
1775762332033,728,365
1775762332054,769,381
1775762332075,803,399
1775762332095,829,412
1775762332115,841,420
1775762332136,845,422
1775762332366,847,429
1775762332386,853,453
1775762332407,863,487
1775762332428,872,512
1775762332448,881,544
1775762332469,890,570
1775762332490,903,592
1775762332505,910,605
1775762332525,919,619
1775762332545,926,633
1775762332566,934,645
1775762332587,944,657
1775762332608,950,664
1775762332628,951,667
1775762332867,950,666
1775762332888,949,664
1775762332913,947,662
1775762332935,947,657
1775762332955,947,646
1775762332976,946,633
1775762332996,946,624
1775762333018,947,619
1775762333038,947,619
1775762333059,947,618
1775762333099,947,617
1775762333188,947,617
1775762334009,951,614
1775762334029,978,588
1775762334049,1022,559
1775762334070,1074,532
1775762334091,1125,506
1775762334111,1167,487
1775762334131,1191,476
1775762334153,1207,471
1775762334172,1213,468
1775762335022,1213,467
1775762335037,1210,467
1775762335059,1201,470
1775762335080,1177,474
1775762335101,1145,477
1775762335121,1096,480
1775762335142,1050,482
1775762335163,1013,482
1775762335185,986,482
1775762335204,962,481
1775762335225,950,480
1775762335247,946,479
1775762335500,946,477
1775762335521,953,467
1775762335540,974,449
1775762335561,1012,420
1775762335581,1049,394
1775762335602,1083,373
1775762335622,1107,360
1775762335643,1121,354
1775762335663,1129,349
1775762335684,1136,347
1775762335704,1139,347
1775762335738,1142,346
1775762335759,1146,345
1775762335779,1151,342
1775762335800,1158,339
1775762335821,1164,334
1775762335841,1168,333
1775762335861,1170,331
1775762335882,1172,329
1775762335903,1173,329
1775762335923,1174,328
1775762335998,1174,328
1775762336107,1173,328
1775762336128,1168,325
1775762336149,1158,325
1775762336170,1144,327
1775762336191,1124,329
1775762336212,1102,333
1775762336232,1079,337
1775762336253,1053,341
1775762336274,1034,343
1775762336295,1021,346
1775762336315,1013,346
1775762336336,1010,346
1775762337889,1008,347
1775762337909,1003,352
1775762337930,993,365
1775762337950,978,392
1775762337970,960,425
1775762337992,939,476
1775762338012,929,525
1775762338032,924,566
1775762338053,924,598
1775762338073,928,627
1775762338094,936,652
1775762338115,948,669
1775762338136,961,679
1775762338158,976,681
1775762338677,976,684
1775762338697,974,690
1775762338718,969,711
1775762338739,963,744
1775762338761,953,793
1775762338781,946,829
1775762338802,943,849
1775762338823,943,863
1775762338844,944,876
1775762338864,947,883
1775762338885,950,884
1775762339377,951,883
1775762339396,964,880
1775762339416,990,873
1775762339437,1021,865
1775762339457,1047,857
1775762339478,1068,853
1775762339498,1079,849
1775762339519,1084,849
1775762339588,1083,849
1775762339607,1072,851
1775762339628,1048,857
1775762339649,1016,863
1775762339669,986,867
1775762339690,961,869
1775762339711,942,869
1775762339731,926,871
1775762339752,918,871
1775762340034,918,871
1775762340055,914,871
1775762340075,904,873
1775762340096,883,875
1775762340116,859,878
1775762340137,832,882
1775762340157,803,884
1775762340178,776,885
1775762340198,759,886
1775762340220,746,887
1775762340239,737,889
1775762340261,732,890
1775762340971,731,890
1775762341012,730,889
1775762341408,729,889
1775762341428,719,889
1775762341449,699,890
1775762341470,675,892
1775762341490,655,894
1775762341511,642,896
1775762341531,637,896
1775762341703,636,896
1775762341724,637,896
1775762341745,641,898
1775762341766,651,898
1775762341787,669,898
1775762341808,691,895
1775762341828,713,894
1775762341849,727,892
1775762341870,734,892
1775762341891,738,892
1775762341912,741,892
1775762342084,739,892
1775762342104,739,892
1775762342132,738,891
1775762342173,738,891
1775762342200,737,891
1775762342240,737,891
1775762342836,738,891
1775762342856,744,889
1775762342877,751,886
1775762342898,762,884
1775762342919,777,883
1775762342939,791,882
1775762342960,802,883
1775762342980,810,885
1775762343003,817,886
1775762343022,822,887
1775762343043,826,889
1775762343064,828,889
1775762343085,829,889
1775762343103,829,890
1775762343129,831,890
1775762343150,833,890
1775762343169,835,890
1775762343190,836,890
1775762343217,837,890
1775762343238,839,891
1775762343258,840,891
1775762343293,841,891
1775762343347,841,891
1775762344548,844,891
1775762344569,863,891
1775762344589,885,889
1775762344609,909,885
1775762344630,936,880
1775762344651,970,874
1775762344670,995,868
1775762344691,1012,864
1775762344713,1025,860
1775762344732,1030,860
1775762344751,1031,859
1775762344766,1032,859
1775762345166,1032,858
1775762345185,1038,853
1775762345206,1055,837
1775762345227,1076,816
1775762345249,1099,795
1775762345267,1120,777
1775762345288,1131,767
1775762345309,1136,759
1775762345329,1137,757
1775762345350,1137,756
1775762345452,1137,757
1775762345472,1134,765
1775762345493,1124,780
1775762345514,1107,806
1775762345534,1087,836
1775762345554,1067,862
1775762345575,1049,882
1775762345596,1033,903
1775762345616,1018,918
1775762345636,1009,926
1775762345847,1007,927
1775762345864,1000,927
1775762345885,987,927
1775762345905,970,925
1775762345926,953,921
1775762345947,941,918
1775762345967,930,913
1775762345988,924,909
1775762346009,921,905
1775762346029,920,903
1775762346063,920,902
1775762346083,920,902
1775762346110,919,901
1775762346131,919,900
1775762346151,919,900
1775762346186,920,899
1775762346206,920,898
1775762346228,921,895
1775762346245,921,894
1775762346266,922,892
1775762346289,925,889
1775762346308,928,885
1775762346329,933,884
1775762346350,936,884
1775762346370,938,883
1775762346396,939,882
1775762346417,939,882
1775762346465,941,881
1775762346513,942,881
1775762346540,943,881
1775762346561,943,880
1775762346581,946,878
1775762346601,949,877
1775762346621,952,875
1775762346642,955,874
1775762346668,956,874
1775762346712,957,874
1775762346738,957,874
1775762346847,957,874
1775762346895,957,875
1775762346922,957,876
1775762347896,958,877
1775762347916,962,878
1775762347937,967,881
1775762347957,972,883
1775762347978,978,887
1775762347998,985,892
1775762348018,989,896
1775762348039,991,900
1775762348059,993,903
1775762348080,994,905
1775762348100,995,908
1775762348121,996,909
1775762348141,997,910
1775762348182,997,910
1775762348401,997,910
1775762349017,1006,903
1775762349037,1058,864
1775762349057,1120,823
1775762349078,1199,774
1775762349098,1254,744
1775762349119,1296,726
1775762349140,1319,718
1775762349395,1334,712
1775762349415,1375,693
1775762349436,1437,666
1775762349456,1489,645
1775762349477,1516,636
1775762349497,1531,633
1775762349518,1536,632
1775762355894,1534,632
1775762355914,1519,634
1775762355935,1491,639
1775762355956,1443,644
1775762355975,1385,645
1775762355995,1272,641
1775762356016,1170,631
1775762356038,1093,616
1775762356389,1076,612
1775762356410,1071,612
1775762356430,1054,609
1775762356451,1034,599
1775762356472,1004,581
1775762356493,970,553
1775762356513,949,533
1775762356535,932,517
1775762356556,923,505
1775762356576,916,482
1775762356832,912,447
1775762356852,905,440
1775762356872,892,421
1775762356894,882,396
1775762356914,874,359
1775762356934,871,324
1775762356955,873,305
1775762356976,875,297
1775762356996,876,293
1775762357016,876,293
1775762357034,876,293
1775762357055,878,294
1775762357077,882,300
1775762357097,886,312
1775762357118,896,336
1775762357139,909,363
1775762357160,919,387
1775762357180,922,395
1775762357201,923,398
1775762357276,922,396
1775762357512,921,394
1775762357545,921,393
1775762357562,919,392
1775762357583,908,393
1775762357603,873,402
1775762357625,836,410
1775762357646,789,419
1775762357666,747,429
1775762357687,717,437
1775762357709,701,443
1775762357729,699,443
1775762357980,699,443
1775762358001,693,447
1775762358021,679,463
1775762358042,657,489
1775762358062,627,526
1775762358083,593,566
1775762358104,560,612
1775762358124,537,649
1775762358145,526,673
1775762358167,523,690
1775762358186,530,705
1775762358538,537,709
1775762358559,529,720
1775762358578,521,738
1775762358598,515,764
1775762358618,509,806
1775762358640,504,844
1775762358660,497,869
1775762358680,493,889
1775762358701,489,899
1775762358721,485,904
1775762358937,485,904
1775762358957,483,902
1775762358978,478,887
1775762358999,472,855
1775762359020,463,795
1775762359041,456,726
1775762359061,457,670
1775762359083,461,633
1775762359103,464,612
1775762359124,465,603
1775762359357,465,600
1775762359377,466,595
1775762359397,477,573
1775762359417,508,537
1775762359438,559,496
1775762359459,639,444
1775762359480,724,401
1775762359500,806,371
1775762359520,843,362
1775762359541,859,360
1775762359738,862,360
1775762359757,875,355
1775762359779,913,339
1775762359798,1005,305
1775762359819,1107,269
1775762359839,1163,246
1775762359860,1191,231
1775762359881,1203,223
1775762360091,1204,221
1775762360113,1214,207
1775762360132,1253,166
1775762360153,1304,116
1775762360173,1379,45
1775762362287,1676,16
1775762362307,1648,88
1775762362327,1626,143
1775762362347,1610,184
1775762362368,1604,207
1775762362389,1602,217
1775762367838,1917,1041
1775762368393,1916,1041
1775762368412,1903,1045
1775762368487,1713,1028
1775762368507,1645,1010
1775762368529,1596,994
1775762368548,1548,975
1775762368569,1512,963
1775762368589,1494,958
1775762368798,1486,959
1775762368819,1462,964
1775762368839,1422,966
1775762368862,1364,962
1775762368879,1291,939
1775762368900,1232,909
1775762368922,1197,887
1775762368942,1178,874
1775762368962,1165,865
1775762369207,1162,862
1775762369227,1158,862
1775762369248,1142,855
1775762369269,1102,832
1775762369289,1045,794
1775762369310,991,752
1775762369330,961,729
1775762369352,944,715
1775762369372,932,706
1775762369574,927,703
1775762369595,919,706
1775762369616,898,713
1775762369637,857,722
1775762369657,811,728
1775762369678,757,730
1775762369698,714,730
1775762369719,692,728
1775762369740,683,726
1775762370024,683,726
1775762370042,678,738
1775762370063,664,752
1775762370083,645,765
1775762370104,621,779
1775762370124,595,796
1775762370145,573,811
1775762370165,561,816
1775762370186,558,815
1775762370206,564,797
1775762370227,587,753
1775762370247,614,712
1775762370268,642,676
1775762370289,670,646
1775762370309,690,626
1775762370330,702,615
1775762370352,707,612
1775762370602,706,617
1775762370897,703,624
1775762370918,706,612
1775762370938,712,581
1775762370959,735,501
1775762370979,766,411
1775762371000,805,305
1775762371021,849,213
1775762371040,880,158
1775762371061,901,126
1775762371082,914,106
1775762371102,921,95
1775762371122,925,87
1775762371143,927,83
1775762371330,926,84
1775762371351,922,88
1775762371372,918,95
1775762371394,914,100
1775762371414,910,106
1775762371434,906,109
1775762371456,903,114
1775762371476,898,118
1775762371497,893,123
1775762371518,890,125
1775762371539,888,126
1775762371575,888,126
1775762371787,888,126
1775762371807,889,125
1775762371834,889,124
1775762371855,889,124
1775762371875,890,123
1775762371916,890,122
1775762371957,890,122
1775762372137,890,122
1775762372159,884,122
1775762372178,874,121
1775762372194,868,119
1775762372212,858,118
1775762372233,850,117
1775762372254,841,117
1775762372275,833,117
1775762372295,826,118
1775762372316,822,118
1775762372338,821,118
1775762372382,819,118
1775762372566,819,118
1775762372587,821,117
1775762372607,823,116
1775762372627,827,115
1775762372648,830,114
1775762372671,833,113
1775762372692,834,111
1775762372717,835,111
1775762372764,835,111
1775762373211,835,111
1775762373231,834,111
1775762373260,833,111
1775762373279,832,111
1775762373320,831,110
1775762373354,831,110
1775762373374,831,110
1775762373393,830,110
1775762373416,829,110
1775762373443,828,110
1775762373478,828,109
1775762376679,827,110
1775762376698,824,124
1775762376719,815,153
1775762376739,804,205
1775762376760,788,285
1775762376781,774,356
1775762376802,768,394
1775762376823,765,412
1775762376843,765,425
1775762376864,769,434
1775762376885,775,439
1775762377078,781,441
1775762377098,775,455
1775762377119,767,490
1775762377139,758,529
1775762377160,748,563
1775762377180,738,586
1775762377200,733,598
1775762377221,732,604
1775762377255,733,604
1775762377275,741,603
1775762377296,759,589
1775762377317,784,564
1775762377337,811,527
1775762377357,828,499
1775762377378,837,480
1775762377399,843,462
1775762377420,845,450
1775762377440,844,440
1775762377461,837,434
1775762377482,823,430
1775762377503,803,430
1775762377523,783,432
1775762377545,763,435
1775762377565,746,437
1775762377586,729,438
1775762377607,718,438
1775762377628,712,437
1775762377649,709,436
1775762377670,707,434
1775762377690,704,423
1775762377711,701,405
1775762377732,699,383
1775762377753,702,356
1775762377774,708,322
1775762377794,714,297
1775762377815,720,284
1775762377836,724,277
1775762377857,726,277
1775762377883,727,277
1775762377912,729,280
1775762377931,729,280
1775762377955,729,282
1775762377989,730,284
1775762378005,730,286
1775762378026,731,291
1775762378047,735,298
1775762378067,743,313
1775762378088,753,332
1775762378108,765,351
1775762378128,778,367
1775762378149,791,380
1775762378170,802,386
1775762378191,815,394
1775762378211,828,400
1775762378232,837,403
1775762378253,841,407
1775762378274,844,408
1775762378300,844,408
1775762378320,845,412
1775762378523,846,419
1775762378545,849,445
1775762378565,853,482
1775762378586,855,518
1775762378607,853,547
1775762378628,849,577
1775762378648,844,600
1775762378670,841,614
1775762378691,840,617
1775762378797,840,617
1775762378816,840,614
1775762378837,843,606
1775762378857,847,595
1775762378879,852,580
1775762378899,856,563
1775762378920,857,548
1775762378940,854,538
1775762378960,845,527
1775762378982,833,517
1775762379004,813,509
1775762379023,792,505
1775762379045,765,501
1775762379065,742,500
1775762379086,724,497
1775762379107,712,493
1775762379128,705,491
1775762379148,701,489
1775762379206,699,488
1775762379248,698,485
1775762379713,699,484
1775762379733,712,481
1775762379754,742,481
1775762379774,779,483
1775762379794,838,489
1775762379815,897,498
1775762379837,936,506
1775762379857,959,511
1775762379878,968,516
1775762379898,971,518
1775762380975,971,519
1775762380995,967,536
1775762381016,963,563
1775762381037,960,591
1775762381057,957,619
1775762381073,956,639
1775762381093,955,661
1775762381114,957,675
1775762381134,958,680
1775762381155,961,685
1775762381176,963,687
1775762381196,970,689
1775762381218,978,690
1775762381239,986,691
1775762381259,994,690
1775762381280,1003,689
1775762381301,1017,687
1775762381322,1029,686
1775762381343,1037,686
1775762381363,1041,686
1775762381384,1043,686
1775762381419,1046,686
1775762381439,1050,687
1775762381461,1053,688
1775762381481,1055,688
1775762381509,1056,688
1775762381535,1058,689
1775762381550,1059,689
1775762381572,1064,691
1775762381593,1069,693
1775762381614,1078,696
1775762381634,1090,699
1775762381656,1104,700
1775762381676,1115,700
1775762381697,1119,700
1775762381718,1121,700
1775762382191,1121,700
1775762382211,1116,699
1775762382231,1105,699
1775762382252,1093,700
1775762382273,1081,703
1775762382294,1070,703
1775762382315,1059,704
1775762382336,1051,705
1775762382356,1045,706
1775762382378,1041,706
1775762382398,1039,706
1775762382415,1038,706
1775762382815,1038,706
1775762382836,1042,699
1775762382856,1052,688
1775762382877,1071,670
1775762382898,1088,652
1775762382919,1106,636
1775762382939,1121,625
1775762382960,1129,617
1775762382981,1133,613
1775762383485,1134,614
1775762383504,1135,625
1775762383525,1137,650
1775762383546,1139,679
1775762383566,1142,700
1775762383587,1142,714
1775762383607,1143,721
1775762383627,1143,723
1775762383648,1143,724
1775762383804,1143,724
1775762383826,1143,724
1775762383846,1143,723
1775762383873,1143,723
1775762383893,1143,723
1775762383914,1143,722
1775762383939,1143,721
1775762383954,1143,720
1775762383975,1143,716
1775762383996,1143,714
1775762384030,1143,712
1775762384051,1143,712
1775762384092,1143,712
1775762384126,1143,711
1775762384160,1142,711
1775762384194,1142,711
1775762384595,1142,711
1775762384615,1148,703
1775762384636,1163,682
1775762384656,1187,650
1775762384677,1207,615
1775762384697,1233,571
1775762384718,1255,529
1775762384738,1273,497
1775762384759,1285,473
1775762384780,1293,456
1775762384801,1296,446
1775762384821,1296,445
1775762385343,1297,444
1775762385362,1310,438
1775762385384,1335,425
1775762385404,1388,394
1775762385425,1480,343
1775762385445,1569,296
1775762385467,1627,266
1775762385487,1655,251
1775762385508,1671,244
1775762385529,1676,242
1775762385754,1676,242
1775762385772,1676,242
1775762385802,1678,243
1775762385821,1677,255
1775762385842,1671,286
1775762385862,1662,331
1775762385883,1653,374
1775762385904,1648,409
1775762385924,1647,438
1775762385945,1651,463
1775762385966,1659,484
1775762385988,1668,499
1775762386155,1670,505
1775762386175,1680,501
1775762386196,1702,494
1775762386216,1738,480
1775762386238,1824,445
1775762386258,1857,431
1775762386279,1884,422
1775762386300,1897,418
1775762386366,1899,418
1775762386386,1886,417
1775762386406,1852,422
1775762386427,1790,432
1775762386448,1702,438
1775762386469,1636,437
1775762386489,1572,430
1775762386509,1539,426
1775762386530,1526,425
1775762386704,1524,425
1775762386724,1512,428
1775762386744,1479,441
1775762386765,1415,466
1775762386785,1316,497
1775762386807,1222,529
1775762386827,1127,572
1775762386848,1072,605
1775762386870,1047,623
1775762387345,1045,624
1775762387365,1036,627
1775762387385,1010,636
1775762387405,950,654
1775762387427,879,676
1775762387447,807,693
1775762387467,765,699
1775762387487,729,702
1775762387508,708,702
1775762387530,698,700
1775762387754,697,699
1775762387774,701,690
1775762387795,721,655
1775762387815,805,546
1775762387836,920,432
1775762387856,1028,343
1775762387878,1105,294
1775762387898,1144,275
1775762387917,1161,273
1775762388097,1163,274
1775762388117,1175,259
1775762388138,1200,224
1775762388158,1269,135
1775762388179,1338,61
