timestamp,seq,latency_ms,drift_ms
1770904449.776044,1,151.18,152.65
1770904449.784985,2,144.50,145.29
1770904449.814688,3,158.24,159.35
1770904449.822676,4,149.79,150.72
1770904449.840276,5,150.84,152.62
1770904449.877776,7,156.46,157.64
1770904449.883143,6,178.25,179.83
1770904449.910445,8,171.11,174.31
1770904449.931463,9,179.00,180.09
1770904449.942105,10,171.30,174.12
1770904449.970811,11,185.38,186.74
1770904450.036172,12,234.48,235.68
1770904450.039142,14,204.72,207.24
1770904450.043286,15,194.74,195.93
1770904450.047049,13,228.90,231.57
1770904450.079101,18,181.73,182.83
1770904450.085005,16,218.68,220.94
1770904450.086798,17,205.02,206.80
1770904450.097327,19,179.49,185.41
1770904450.137404,20,206.01,209.57
1770904450.146881,21,202.22,203.51
1770904450.175897,23,198.34,200.02
1770904450.180373,22,216.28,220.86
1770904450.217834,24,219.88,226.50
1770904450.229989,25,221.29,222.68
1770904450.247512,26,219.90,223.35
1770904450.252655,27,210.38,213.03
1770904450.268868,28,210.10,212.50
1770904450.284076,29,207.98,211.71
1770904450.295850,30,206.01,208.51
1770904450.327430,31,222.70,223.79
1770904450.339563,33,199.98,202.30
1770904450.346899,32,225.44,226.72
1770904450.379084,34,225.11,227.76
1770904450.384014,35,213.56,216.34
1770904450.401170,37,200.68,201.77
1770904450.430607,36,240.81,245.81
1770904450.447974,38,229.86,231.41
1770904450.451200,39,217.01,219.56
1770904450.468993,40,211.18,221.71
1770904450.491680,41,226.17,228.20
1770904450.504878,42,222.38,224.42
1770904450.522026,43,224.25,226.60
1770904450.563998,46,218.38,219.92
1770904450.564849,45,236.14,237.30
1770904450.566520,44,252.18,254.09
1770904450.608259,49,215.33,217.03
1770904450.628612,48,251.26,252.40
1770904450.629897,47,266.93,270.58
1770904450.643461,50,232.43,235.64
1770904450.661023,52,218.43,221.19
1770904450.664211,51,239.91,240.90
1770904450.706852,54,234.14,235.62
1770904450.727005,53,265.29,270.36
1770904450.748116,56,241.10,244.82
1770904450.754400,55,265.31,266.23
1770904450.797116,57,274.80,276.97
1770904450.800113,59,247.03,248.28
1770904450.808705,58,272.36,273.35
1770904450.829324,60,255.50,261.95
1770904450.829403,61,239.90,246.00
1770904450.871949,63,254.39,256.39
1770904450.872213,62,271.41,272.50
1770904450.881523,65,231.49,233.30
1770904450.888430,64,251.51,256.20
1770904450.941521,68,244.69,245.64
1770904450.942249,67,261.36,262.69
1770904450.952625,66,285.26,288.61
1770904450.954500,69,241.03,242.22
1770904450.955949,70,227.96,228.73
1770904450.994544,71,249.81,251.29
1770904451.006514,72,245.08,246.26
1770904451.013792,73,235.57,237.65
1770904451.052610,75,243.78,245.15
1770904451.055272,76,230.40,231.99
1770904451.064837,74,272.09,273.11
1770904451.091529,77,245.41,251.86
1770904451.095727,79,221.73,223.83
1770904451.104836,78,240.66,243.91
1770904451.141556,82,220.06,221.29
1770904451.159413,84,206.06,207.08
1770904451.160239,80,270.59,272.18
1770904451.169703,81,264.29,266.01
1770904451.177968,83,239.92,242.34
1770904451.230799,85,261.09,262.56
1770904451.234358,86,248.72,250.29
1770904451.236606,87,231.49,235.72
1770904451.247188,88,227.72,231.06
1770904451.254582,89,216.96,222.38
1770904451.302590,90,252.78,254.88
1770904451.306930,91,242.34,243.46
1770904451.310994,92,229.50,231.31
1770904451.330216,93,233.31,234.84
1770904451.353736,94,239.95,241.57
1770904451.372322,96,227.19,228.70
1770904451.390066,95,261.63,262.79
1770904451.435780,97,269.31,276.42
1770904451.444125,98,264.87,268.61
1770904451.446361,100,232.45,237.91
1770904451.475183,99,280.28,283.86
1770904451.477715,101,249.83,253.81
1770904451.483086,103,226.42,227.80
1770904451.495219,102,253.14,255.10
1770904451.510201,104,237.57,238.78
1770904451.553010,107,232.20,233.44
1770904451.572859,105,283.82,284.92
1770904451.597484,106,286.86,293.90
1770904451.598122,110,227.63,229.47
1770904451.600581,109,246.84,248.28
1770904451.607037,108,267.50,270.79
1770904451.620831,111,235.86,237.33
1770904451.649026,112,247.50,248.87
1770904451.663152,114,223.71,226.31
1770904451.665021,115,215.94,217.47
1770904451.677576,113,260.52,262.09
1770904451.698274,116,233.14,234.16
1770904451.701995,117,219.74,221.61
1770904451.730291,119,216.90,218.13
1770904451.748531,118,250.60,253.20
1770904451.779964,120,240.25,252.28
1770904451.789209,122,226.75,229.54
1770904451.819403,121,272.63,275.31
1770904451.821535,123,244.08,245.39
1770904451.828797,124,230.09,231.15
1770904451.855512,125,246.44,247.82
1770904451.876341,127,235.34,236.94
1770904451.877475,128,220.64,221.63
1770904451.882172,126,256.25,258.94
1770904451.915259,129,240.16,242.06
1770904451.927197,130,237.48,239.65
1770904451.961258,131,253.34,257.54
1770904451.977193,132,255.36,256.90
1770904451.989106,133,244.70,253.21
1770904452.000155,134,246.32,248.76
1770904452.025285,136,239.59,241.22
1770904452.027765,135,255.84,259.69
1770904452.046111,138,228.71,230.53
1770904452.057200,137,253.74,257.15
1770904452.083374,141,215.98,219.56
1770904452.105086,139,269.42,270.33
1770904452.120999,140,269.36,272.19
1770904452.134281,142,253.21,254.29
1770904452.155313,143,257.81,259.97
1770904452.165000,144,246.95,251.24
1770904452.182988,145,253.23,255.69
1770904452.213457,147,251.34,253.39
1770904452.237727,148,260.43,261.62
1770904452.238226,146,291.35,292.51
1770904452.242232,150,230.27,233.15
1770904452.242883,149,250.56,251.39
1770904452.254234,151,229.36,230.59
1770904452.273461,152,230.64,233.04
1770904452.297274,153,240.68,241.72
1770904452.330934,154,255.73,257.39
1770904452.339804,155,248.62,251.74
1770904452.339993,156,234.40,236.19
1770904452.360587,157,237.87,240.26
1770904452.365361,158,227.96,229.25
1770904452.414977,159,257.60,262.80
1770904452.433956,161,249.44,250.67
1770904452.443583,162,242.06,243.65
1770904452.448028,163,229.72,231.25
1770904452.460260,160,290.77,292.89
1770904452.476897,164,243.74,244.96
1770904452.489712,165,240.74,241.72
1770904452.493203,166,228.59,229.69
1770904452.517467,167,236.54,238.00
1770904452.558319,168,259.77,262.88
1770904452.574509,169,261.18,262.26
1770904452.587548,171,240.06,244.24
1770904452.601368,170,271.81,273.75
1770904452.607631,172,246.03,247.84
1770904452.613727,173,236.58,238.03
1770904452.631605,174,237.17,239.74
1770904452.641416,175,222.57,226.81
1770904452.641581,176,215.84,218.25
1770904452.688871,177,244.61,248.76
1770904452.697029,179,222.66,225.07
1770904452.731110,180,240.84,243.07
1770904452.732391,178,275.24,277.02
1770904452.755163,181,244.33,250.57
1770904452.763891,183,225.74,227.79
1770904452.782890,182,259.73,262.83
1770904452.803095,186,216.88,219.20
1770904452.810143,185,239.19,242.49
1770904452.816790,184,261.95,264.72
1770904452.827506,187,226.09,227.66
1770904452.860854,188,244.36,245.61
1770904452.861139,189,228.60,229.84
1770904452.872340,190,223.84,225.02
1770904452.920409,192,239.58,240.81
1770904452.926582,193,224.94,230.93
1770904452.927349,191,260.94,263.33
1770904452.939417,194,226.33,227.39
1770904452.956472,195,222.84,226.24
1770904452.986010,197,223.42,226.51
1770904452.997969,196,250.12,253.88
1770904453.003104,199,209.66,210.93
1770904453.009443,198,230.53,233.71
1770904453.029684,200,219.27,220.72
1770904453.036187,201,209.47,212.67
1770904453.072917,203,215.64,217.08
1770904453.077358,202,229.03,237.19
1770904453.107295,204,232.36,235.72
1770904453.123316,207,201.83,202.80
1770904453.139539,206,223.84,235.39
1770904453.143780,208,207.01,208.39
1770904453.152584,205,262.71,264.53
1770904453.197092,210,227.19,228.78
1770904453.203116,211,212.51,217.22
1770904453.204148,209,246.71,252.34
1770904453.212954,212,212.50,213.65
1770904453.230370,213,213.76,214.64
1770904453.261669,214,227.86,229.87
1770904453.278473,215,221.87,224.02
1770904453.291887,216,226.39,227.92
1770904453.303856,218,206.35,208.62
1770904453.310425,217,227.06,230.64
1770904453.336618,219,224.04,224.84
1770904453.369299,220,240.19,241.41
1770904453.379203,221,234.23,235.80
1770904453.393361,222,231.83,233.80
1770904453.434363,223,256.74,258.16
1770904453.436515,224,242.60,244.07
1770904453.439668,226,213.10,216.08
1770904453.440681,225,231.49,233.24
1770904453.454262,227,212.02,213.87
1770904453.509817,228,238.26,253.46
1770904453.550264,231,244.61,246.50
1770904453.562479,230,272.91,274.65
1770904453.563503,233,226.01,227.57
1770904453.567338,232,245.24,247.35
1770904453.582379,229,307.66,310.43
1770904453.588113,234,233.40,234.42
1770904453.604778,235,236.27,237.25
1770904453.620459,236,233.84,235.40
1770904453.647641,237,245.28,247.80
1770904453.658945,238,240.17,243.55
1770904453.662181,239,227.69,230.94
1770904453.699696,240,249.44,251.92
1770904453.700770,241,235.98,237.26
1770904453.715429,243,219.04,220.11
1770904453.739807,242,256.81,259.76
1770904453.741218,244,227.42,229.64
1770904453.774809,245,243.37,246.65
1770904453.774890,246,228.95,230.24
1770904453.793856,247,232.67,234.38
1770904453.813343,248,236.37,237.50
1770904453.827901,249,233.15,236.27
1770904453.828985,251,203.61,204.44
1770904453.882396,253,224.97,226.85
1770904453.882478,252,241.03,243.02
1770904453.886476,250,276.93,278.85
1770904453.907333,254,230.62,235.41
1770904453.948652,257,220.77,228.47
1770904453.948729,256,237.75,244.61
1770904453.948771,255,255.38,259.83
1770904453.955329,258,217.17,219.48
1770904453.977506,259,224.63,226.12
1770904453.991408,260,220.53,224.08
1770904454.041666,261,255.85,257.84
1770904454.042407,263,223.97,225.55
1770904454.047590,262,245.89,248.06
1770904454.053901,264,220.71,222.28
1770904454.096544,265,245.05,248.41
1770904454.103059,267,222.87,223.83
1770904454.118058,268,220.68,222.11
1770904454.125106,266,260.11,261.49
1770904454.165226,270,231.13,236.30
1770904454.168867,271,213.64,215.32
1770904454.178106,269,264.67,265.95
1770904454.225852,272,264.06,265.61
1770904454.232729,273,255.15,256.78
1770904454.257774,275,248.08,249.63
1770904454.268072,274,275.40,276.75
1770904454.274660,276,245.79,250.69
1770904454.279093,278,221.58,222.77
1770904454.302236,277,261.35,262.29
1770904454.362920,281,257.97,259.34
1770904454.371806,280,281.01,284.32
1770904454.376972,284,223.15,224.75
1770904454.425159,279,349.40,353.59
1770904454.436179,283,299.65,300.60
1770904454.457040,286,272.00,273.24
1770904454.483068,285,314.65,315.62
1770904454.483485,282,362.33,364.11
1770904454.485677,288,268.50,269.48
1770904454.514678,287,313.22,314.80
1770904454.538643,290,275.40,289.82
1770904454.540483,293,240.45,245.11
1770904454.541427,289,305.08,309.95
1770904454.558385,294,243.06,246.24
1770904454.559640,291,291.73,295.53
1770904454.569392,292,289.23,290.15
1770904454.595488,297,231.09,234.58
1770904454.636967,295,306.66,308.76
1770904454.650299,296,304.78,306.02
1770904454.672733,299,279.33,280.95
1770904454.684001,301,257.88,260.59
1770904454.686056,298,304.06,309.98
1770904454.709729,300,301.12,302.17
1770904454.755217,303,296.45,299.23
1770904454.762213,304,281.43,290.18
1770904454.798441,302,350.92,358.38
1770904454.808002,305,318.58,320.33
1770904454.813142,307,281.43,292.54
1770904454.835245,306,328.58,331.61
1770904454.844236,310,273.73,275.16
1770904454.844337,308,306.52,308.36
1770904454.848185,311,263.01,263.92
1770904454.878405,309,320.41,327.11
1770904454.915874,313,297.17,300.16
1770904454.918490,312,317.29,319.03
1770904454.934805,314,297.92,302.53
1770904454.945611,315,294.61,297.75
1770904454.988594,318,291.60,293.37
1770904455.000610,316,334.62,337.20
1770904455.015394,319,302.22,303.36
1770904455.015923,320,287.36,288.70
1770904455.017558,317,334.95,338.28
1770904455.048025,322,287.14,288.75
1770904455.056642,321,302.08,312.91
1770904455.080375,324,284.61,288.39
1770904455.086430,323,303.58,306.17
1770904455.106707,327,261.33,263.68
1770904455.118877,325,307.48,310.76
1770904455.142908,326,314.39,319.25
1770904455.148883,329,270.61,273.88
1770904455.212247,328,346.50,356.29
1770904455.222213,331,315.03,318.12
1770904455.241066,330,348.86,353.02
1770904455.311051,335,341.17,342.99
1770904455.323446,334,368.57,371.88
1770904455.330985,332,406.56,411.04
1770904455.336363,336,348.43,351.98
1770904455.346878,333,408.58,410.72
1770904455.358589,338,340.93,343.07
1770904455.374729,341,299.36,311.17
1770904455.378101,340,327.03,329.95
1770904455.385328,339,347.48,353.53
1770904455.387917,337,372.58,382.24
1770904455.388278,343,284.67,291.48
1770904455.401934,342,315.75,319.93
1770904455.429523,345,296.23,297.29
1770904455.461130,346,313.88,317.10
1770904455.462326,344,348.00,350.31
1770904455.511521,347,338.36,340.35
1770904455.517992,348,334.62,341.82
1770904455.538710,349,344.19,346.76
1770904455.543396,352,302.42,303.35
1770904455.578231,351,352.29,353.73
1770904455.604271,354,330.97,331.98
1770904455.615219,350,404.25,407.89
1770904455.622942,356,317.72,318.90
1770904455.629433,357,306.58,309.56
1770904455.639362,355,349.74,351.39
1770904455.644300,353,387.01,388.10
1770904455.672999,360,303.02,305.62
1770904455.678587,359,324.99,326.88
1770904455.682732,364,249.12,250.91
1770904455.714496,362,312.29,314.52
1770904455.720508,363,301.85,304.13
1770904455.729521,358,391.98,394.01
1770904455.732037,367,250.24,252.14
1770904455.754992,365,306.39,307.54
1770904455.756308,366,289.52,292.27
1770904455.764366,361,375.34,378.03
1770904455.771806,371,225.18,227.96
1770904455.831686,370,302.49,303.63
1770904455.833938,369,319.17,322.23
1770904455.837021,372,276.67,277.74
1770904455.856805,368,354.62,360.90
1770904455.890481,374,296.76,298.66
1770904455.896653,375,286.25,287.63
1770904455.907914,373,329.37,331.59
1770904455.923382,376,298.25,299.32
1770904455.953777,380,262.40,266.35
1770904455.976654,379,302.93,304.66
1770904455.983839,384,230.26,232.11
1770904455.988670,377,347.30,349.19
1770904455.990608,381,285.06,286.29
1770904456.000048,378,341.17,343.86
1770904456.008413,383,271.28,272.17
1770904456.011481,382,289.67,291.97
1770904456.011624,385,241.80,243.98
1770904456.014601,386,225.84,230.49
1770904456.064282,387,255.37,264.88
1770904456.075770,389,242.27,243.58
1770904456.121277,390,263.69,264.77
1770904456.132099,388,308.60,316.17
1770904456.134593,393,232.55,238.91
1770904456.136627,391,269.85,272.60
1770904456.165057,398,188.01,189.42
1770904456.176589,392,294.85,296.36
1770904456.182276,394,269.68,270.93
1770904456.185526,395,256.60,257.79
1770904456.187587,397,225.88,227.59
1770904456.220622,396,274.69,276.00
1770904456.249691,402,209.18,210.26
1770904456.250610,399,255.64,258.48
1770904456.261591,400,251.76,252.80
1770904456.262278,403,204.99,206.21
1770904456.264076,405,175.69,176.76
1770904456.271282,404,197.75,199.84
1770904456.275353,401,247.90,249.67
1770904456.324951,407,203.75,205.15
1770904456.325048,406,220.10,220.91
1770904456.342134,408,205.47,206.84
1770904456.352876,410,183.23,184.71
1770904456.357870,409,204.41,205.63
1770904456.369918,412,169.35,170.46
1770904456.371900,411,187.31,188.46
1770904456.393507,413,176.66,178.30
1770904456.427472,414,189.09,195.31
1770904456.430977,416,166.12,167.57
1770904456.437306,417,156.73,157.97
1770904456.437409,415,188.87,189.60
1770904456.474789,418,176.55,177.86
1770904456.479995,419,166.66,168.21
1770904456.480978,420,151.89,153.63
1770904456.486118,421,141.69,142.57
1770904456.520323,422,158.90,160.66
1770904456.532565,423,154.88,156.29
1770904456.535564,424,143.16,144.35
1770904456.549056,425,140.77,141.82
1770904456.564081,426,134.29,136.88
1770904456.585526,428,129.10,130.04
1770904456.588665,427,147.72,148.62
1770904456.600075,429,127.77,128.69
1770904456.617302,430,128.94,130.02
1770904456.647057,432,126.42,127.27
1770904456.647122,431,142.00,143.16
1770904456.659472,433,123.05,123.92
1770904456.673135,434,119.80,120.89
1770904456.700435,435,131.25,132.89
1770904456.707602,436,122.10,123.24
1770904456.714594,437,113.99,114.79
1770904456.733099,438,115.69,116.85
1770904456.740251,439,107.42,108.23
1770904456.765526,440,114.44,115.59
1770904456.776873,441,111.74,112.90
1770904456.791259,442,110.57,111.27
1770904456.800273,443,103.64,104.73
1770904456.811153,444,98.52,99.36
1770904456.832343,445,103.62,104.48
1770904456.844279,446,100.14,100.86
1770904456.868611,447,107.59,108.50
1770904456.872338,448,96.21,96.85
1770904456.889302,449,97.38,98.09
1770904456.901176,450,92.56,93.29
1770904456.914294,451,90.14,91.03
1770904456.931959,452,91.81,92.45
1770904456.945676,453,89.39,90.31
1770904456.973850,454,101.41,102.03
1770904456.979636,455,91.40,92.07
1770904456.991121,456,86.07,86.87
1770904457.005859,457,85.57,86.35
1770904457.032198,458,96.40,96.98
1770904457.036526,459,83.97,84.63
1770904457.049105,460,81.19,81.81
1770904457.080092,461,95.44,96.10
1770904457.084253,462,83.85,84.57
1770904457.097087,463,80.21,81.07
1770904457.123565,464,90.99,91.51
1770904457.127857,465,78.45,80.11
1770904457.140924,466,76.41,77.07
1770904457.155960,467,75.33,76.09
1770904457.187073,468,90.15,91.22
1770904457.191260,469,78.13,79.34
1770904457.203138,470,74.86,75.43
1770904457.226537,471,81.79,82.55
1770904457.238775,472,78.06,78.68
1770904457.252661,473,75.86,76.49
1770904457.282436,474,90.34,91.20
1770904457.282488,475,74.69,75.26
1770904457.300117,476,75.77,76.61
1770904457.311991,477,71.52,72.16
1770904457.343259,479,70.86,71.47
1770904457.343837,478,87.32,87.99
1770904457.360685,480,72.17,73.08
1770904457.377588,481,72.67,73.36
1770904457.396996,482,76.15,76.79
1770904457.416735,483,79.98,80.50
1770904457.427977,484,74.76,75.96
1770904457.446013,485,77.58,78.36
1770904457.454375,486,70.02,70.61
1770904457.469652,487,69.00,69.50
1770904457.497277,488,80.86,81.84
1770904457.501813,489,69.37,69.97
1770904457.514672,490,65.16,66.45
1770904457.545643,491,81.27,81.93
1770904457.549434,492,68.97,69.67
1770904457.565504,493,69.05,69.69
1770904457.578277,494,65.89,66.43
1770904457.596779,495,68.38,69.05
1770904457.606656,496,62.14,62.71
1770904457.637714,497,76.72,77.92
1770904457.637770,498,61.29,62.10
1770904457.652056,499,59.97,60.68
1770904457.680649,500,72.38,72.92
1770904457.688063,501,63.12,63.81
1770904457.698842,502,58.45,59.01
1770904457.727815,503,70.74,71.66
1770904457.733770,504,61.05,61.66
1770904457.760291,505,71.61,72.50
1770904457.765780,506,61.29,61.76
1770904457.776933,507,56.70,57.25
1770904457.812706,509,60.78,61.34
1770904457.813527,508,77.11,77.67
1770904457.827223,510,58.71,59.31
1770904457.842890,511,58.33,58.80
1770904457.869538,512,68.82,69.45
1770904457.873101,513,56.85,57.43
1770904457.888630,514,56.32,56.84
1770904457.909954,515,61.30,61.90
1770904457.923282,516,58.43,59.08
1770904457.949975,517,70.12,70.76
1770904457.959168,518,62.65,63.31
1770904457.971055,519,58.53,59.01
1770904457.984611,520,56.48,57.12
1770904458.014633,521,69.78,70.46
1770904458.022565,522,62.80,63.32
1770904458.033524,523,56.85,57.31
1770904458.047292,524,54.79,55.50
1770904458.066929,525,58.94,59.46
1770904458.079470,526,55.21,55.88
1770904458.107446,527,67.25,67.83
1770904458.112542,528,56.52,57.05
1770904458.131101,529,58.57,59.02
1770904458.143549,530,55.25,55.94
1770904458.162363,531,58.24,58.77
1770904458.186419,532,66.03,66.74
1770904458.195526,533,59.81,60.30
1770904458.209876,534,57.58,58.15
1770904458.228901,535,60.61,61.17
1770904458.243275,536,58.73,59.27
1770904458.257948,537,57.89,58.51
1770904458.283190,538,66.30,67.08
1770904458.290239,539,57.59,58.08
1770904458.304676,540,56.59,57.26
1770904458.322193,541,57.75,58.41
1770904458.345096,542,64.41,65.08
1770904458.354520,543,57.71,58.46
1770904458.371737,544,59.44,59.94
1770904458.384813,545,56.87,57.45
1770904458.415926,546,71.50,72.36
1770904458.419088,547,58.66,59.30
1770904458.433487,548,57.10,57.61
1770904458.453502,549,60.81,61.47
1770904458.476654,550,67.96,68.61
1770904458.484104,551,59.21,59.87
1770904458.500022,552,59.85,60.40
1770904458.515384,553,59.14,59.83
1770904458.532901,554,60.24,60.82
1770904458.545377,555,56.62,57.19
1770904458.573732,556,68.99,69.59
1770904458.577211,557,57.18,57.70
1770904458.597269,558,60.62,61.11
1770904458.607781,559,55.82,56.25
1770904458.646484,561,62.54,63.23
1770904458.646538,560,78.22,78.85
1770904458.657830,562,57.81,58.41
1770904458.671555,563,55.19,55.65
1770904458.705301,565,57.14,57.73
1770904458.705960,564,73.93,74.33
1770904458.718587,566,54.63,55.23
1770904458.751122,567,70.88,71.42
1770904458.754994,568,58.33,59.02
1770904458.767654,569,55.07,55.55
1770904458.787475,570,59.29,59.99
1770904458.813703,571,69.19,69.80
1770904458.818420,572,57.69,58.26
1770904458.832185,573,56.00,56.41
1770904458.846590,574,54.15,54.96
1770904458.872851,575,64.70,65.31
1770904458.879424,576,55.08,55.83
1770904458.900325,577,60.50,61.08
1770904458.924045,578,67.57,68.40
1770904458.937851,579,65.49,66.07
1770904458.970867,581,66.68,67.42
1770904458.971053,580,82.59,83.55
1770904458.983329,582,62.80,63.55
1770904459.008265,583,72.24,72.92
1770904459.018409,584,66.47,67.20
1770904459.048133,585,78.96,79.93
1770904459.049514,586,65.51,66.30
1770904459.070968,587,71.09,71.70
1770904459.083926,588,67.04,68.45
1770904459.118668,589,86.19,86.74
1770904459.123147,590,74.45,75.25
1770904459.135100,591,71.10,71.69
1770904459.148971,592,67.61,68.81
1770904459.162884,593,66.10,66.77
1770904459.176843,594,64.21,64.78
1770904459.198645,595,70.63,71.33
1770904459.207342,596,62.51,63.09
1770904459.221598,597,60.75,61.57
1770904459.244886,598,69.07,69.67
1770904459.254094,599,61.21,62.13
1770904459.266165,600,58.46,58.90
1770904459.281099,601,56.51,57.26
1770904459.310525,602,70.55,71.12
1770904459.312407,603,55.49,56.15
1770904459.331043,604,59.30,59.80
1770904459.344562,605,55.78,56.31
1770904459.374054,606,69.50,70.16
1770904459.378482,607,58.30,58.91
1770904459.397381,608,60.77,61.25
1770904459.410301,609,58.14,58.60
1770904459.445034,611,60.75,61.36
1770904459.445068,610,76.35,76.89
1770904459.457531,612,57.43,58.09
1770904459.473658,613,57.63,58.14
1770904459.489984,614,57.49,58.04
1770904459.515004,615,65.89,66.82
1770904459.520963,616,56.86,57.54
1770904459.535917,617,55.60,56.09
1770904459.570078,618,73.82,74.38
1770904459.571700,619,58.94,59.49
1770904459.583819,620,56.02,56.60
1770904459.612593,621,67.99,68.50
1770904459.618289,622,58.40,58.94
1770904459.647965,623,71.48,72.12
1770904459.648033,624,55.18,56.14
1770904459.666167,625,57.92,58.44
1770904459.698585,627,58.36,58.93
1770904459.698632,626,73.86,75.14
1770904459.712591,628,55.81,56.41
1770904459.736361,629,64.59,65.11
1770904459.746037,630,57.72,58.54
1770904459.763566,631,59.28,59.77
1770904459.791998,633,56.17,56.79
1770904459.792060,632,71.43,72.38
1770904459.809317,634,56.61,57.13
1770904459.838764,635,70.53,71.07
1770904459.844611,636,59.91,60.67
1770904459.856516,637,56.62,57.26
1770904459.875194,638,59.11,59.70
1770904459.905241,639,72.86,73.48
1770904459.905286,640,56.71,57.49
1770904459.924681,641,59.84,60.47
1770904459.945022,642,65.22,65.74
1770904459.955679,643,59.70,60.23
1770904459.983372,644,71.19,71.78
1770904459.985530,645,57.88,58.33
1770904460.001188,646,57.16,57.71
1770904460.017862,647,57.88,58.33
1770904460.032993,648,56.61,57.16
1770904460.060044,649,67.59,68.33
1770904460.066133,650,58.34,58.88
1770904460.078917,651,53.60,54.44
1770904460.111295,652,70.65,71.17
1770904460.111932,653,55.81,56.36
1770904460.130785,654,58.98,59.57
1770904460.154927,655,66.02,66.82
1770904460.163882,656,59.70,60.22
1770904460.184459,657,63.55,64.32
1770904460.195279,658,58.73,59.35
1770904460.208160,659,56.06,56.77
1770904460.234859,660,66.08,66.63
1770904460.242015,661,57.60,58.31
1770904460.256901,662,56.31,57.23
1770904460.282502,663,65.52,66.27
1770904460.289925,664,57.59,58.36
1770904460.303530,665,54.69,55.34
1770904460.321588,666,57.05,57.63
1770904460.345105,667,65.09,65.65
1770904460.355365,668,58.55,59.14
1770904460.368809,669,56.63,57.15
1770904460.394880,670,66.17,66.70
1770904460.401480,671,57.32,57.90
1770904460.417184,672,56.89,57.59
1770904460.446492,673,69.97,70.57
1770904460.450497,674,58.11,59.19
1770904460.467289,675,59.24,59.73
1770904460.481056,676,56.07,57.48
1770904460.510965,677,70.64,71.16
1770904460.514039,678,57.62,58.33
1770904460.530850,679,58.96,59.42
1770904460.543807,680,55.77,56.55
1770904460.572673,681,68.59,69.12
1770904460.577945,682,57.06,57.77
1770904460.595920,683,59.41,59.93
1770904460.625444,684,72.70,73.48
1770904460.630676,685,62.46,63.02
1770904460.641216,686,56.63,57.15
1770904460.660509,687,59.92,60.52
1770904460.673765,688,57.88,58.53
1770904460.698064,689,65.54,66.37
1770904460.704006,690,55.90,56.63
1770904460.721612,691,57.62,58.29
1770904460.746709,692,66.27,66.81
1770904460.755393,693,58.64,59.20
1770904460.768624,694,55.94,56.49
1770904460.788413,695,59.56,60.25
1770904460.811754,696,67.61,68.33
1770904460.818250,697,58.00,58.62
1770904460.833489,698,57.26,57.72
1770904460.864823,699,72.72,73.35
1770904460.865687,700,57.54,58.07
1770904460.880279,701,55.92,57.00
1770904460.899212,702,59.09,59.60
1770904460.930035,703,72.63,73.49
1770904460.933196,704,60.76,61.34
1770904460.945285,705,57.31,57.86
1770904460.964538,706,60.69,61.18
1770904460.991537,707,71.09,71.75
1770904460.994995,708,59.24,59.67
1770904461.009374,709,57.42,57.97
1770904461.039005,710,70.72,71.34
1770904461.042851,711,58.23,58.74
1770904461.060230,712,59.40,60.07
1770904461.071343,713,55.28,55.82
1770904461.101478,714,69.62,70.20
1770904461.104550,715,55.81,56.51
1770904461.121754,716,57.16,57.82
1770904461.150114,717,70.02,70.65
1770904461.157467,718,61.26,61.88
1770904461.168612,719,56.32,56.93
1770904461.189958,720,61.15,61.77
1770904461.215158,721,70.82,71.51
1770904461.217500,722,57.05,57.67
1770904461.235442,723,59.09,59.66
1770904461.261063,724,67.94,68.89
1770904461.265594,725,57.73,58.21
1770904461.279214,726,54.73,55.53
1770904461.297584,727,57.52,58.04
1770904461.312086,728,55.65,56.23
1770904461.340808,729,68.44,69.02
1770904461.344339,730,56.38,56.96
1770904461.362384,731,58.17,58.66
1770904461.378004,732,56.98,57.76
1770904461.393205,733,56.52,57.31
1770904461.415385,734,63.02,63.85
1770904461.428157,735,60.11,60.59
1770904461.458225,737,57.37,57.98
1770904461.459456,736,74.59,75.35
1770904461.471792,738,55.81,56.59
1770904461.500081,739,68.29,68.87
1770904461.506561,740,58.27,59.00
1770904461.521329,741,56.89,57.55
1770904461.550498,742,69.95,70.55
1770904461.555922,743,59.65,60.30
1770904461.567892,744,55.48,56.09
1770904461.604876,746,60.10,60.64
1770904461.605054,745,76.76,77.14
1770904461.615115,747,54.27,55.03
1770904461.655912,749,63.55,64.29
1770904461.655963,748,79.30,79.97
1770904461.666449,750,57.73,58.21
1770904461.691491,751,66.80,67.36
1770904461.700176,752,59.77,60.28
1770904461.713885,753,57.83,58.49
1770904461.735092,754,62.98,63.55
1770904461.761366,755,72.52,73.24
1770904461.765198,756,61.45,61.93
1770904461.791860,757,71.03,71.82
1770904461.797852,758,61.18,61.68
1770904461.822774,759,70.52,71.36
1770904461.826647,760,58.48,59.35
1770904461.859914,762,59.29,59.98
1770904461.859989,761,75.43,76.21
1770904461.872545,763,56.42,57.08
1770904461.890460,764,58.51,59.03
1770904461.917839,765,69.08,69.90
1770904461.922035,766,58.17,58.76
1770904461.937803,767,57.59,58.11
1770904461.954938,768,58.40,59.04
1770904461.981072,769,68.88,69.69
1770904461.985221,770,57.48,58.02
1770904461.999999,771,55.53,56.03
1770904462.017499,772,57.32,57.92
1770904462.033790,773,58.03,58.58
1770904462.047969,774,54.98,56.55
1770904462.065951,775,57.25,57.80
1770904462.091567,776,67.18,67.91
1770904462.096891,777,56.40,56.93
1770904462.112772,778,55.89,56.62
1770904462.132718,779,60.15,60.62
1770904462.165708,781,61.15,61.73
1770904462.166987,780,78.90,79.59
1770904462.176505,782,56.01,56.58
1770904462.204157,783,67.76,68.30
1770904462.214311,784,61.52,62.18
1770904462.227619,785,58.91,59.53
1770904462.243339,786,59.06,59.62
1770904462.260885,787,60.36,60.84
1770904462.281429,788,65.15,66.05
1770904462.291123,789,58.65,59.23
1770904462.304732,790,56.60,57.24
1770904462.334639,791,70.10,70.57
1770904462.336870,792,57.07,57.58
1770904462.354746,793,58.02,58.56
1770904462.370254,794,57.98,58.41
1770904462.385253,795,57.01,57.55
1770904462.422719,796,77.89,78.64
1770904462.424278,797,63.80,64.39
1770904462.436342,798,60.20,60.88
1770904462.463761,799,71.87,72.50
1770904462.468266,800,60.06,60.64
1770904462.482405,801,58.17,58.63
1770904462.497336,802,57.22,57.83
1770904462.523404,803,66.40,67.38
1770904462.531424,804,59.46,59.97
1770904462.544398,805,56.29,56.84
1770904462.562216,806,58.30,58.76
1770904462.590794,807,69.98,70.83
1770904462.594386,808,58.18,58.85
1770904462.607902,809,55.73,56.29
1770904462.626276,810,58.42,58.87
1770904462.654968,811,70.45,71.10
1770904462.655023,812,54.86,55.52
1770904462.674193,813,57.61,58.13
1770904462.688758,814,56.59,57.20
1770904462.718323,815,69.56,70.30
1770904462.723239,816,58.86,59.48
1770904462.736499,817,56.75,57.23
1770904462.755840,818,59.15,59.64
1770904462.783498,819,71.36,71.83
1770904462.785121,820,57.06,57.65
1770904462.811796,821,67.58,68.15
1770904462.819013,822,58.31,58.98
1770904462.834755,823,58.31,58.89
1770904462.846048,824,54.00,54.81
1770904462.877355,825,68.80,69.32
1770904462.882927,826,58.11,58.78
1770904462.899803,827,59.31,59.92
1770904462.925372,828,67.60,69.15
1770904462.931423,829,59.62,60.16
1770904462.946079,830,57.30,58.00
1770904462.976883,831,72.53,73.03
1770904462.980633,832,59.75,60.52
1770904462.994353,833,58.23,58.83
1770904463.027024,834,74.04,74.81
1770904463.028892,835,60.13,60.64
1770904463.043109,836,58.66,59.23
1770904463.060222,837,59.39,60.09
1770904463.074726,838,58.52,59.19
1770904463.098153,839,66.35,66.81
1770904463.108576,840,59.65,60.33
1770904463.121335,841,57.08,57.63
1770904463.150955,842,70.52,71.10
1770904463.152216,843,56.37,56.94
1770904463.169071,844,56.73,57.31
1770904463.185798,845,56.62,57.62
1770904463.204240,846,60.08,60.78
1770904463.229684,847,69.76,70.43
1770904463.236121,848,59.37,59.90
1770904463.250261,849,57.65,58.31
1770904463.279461,850,71.47,72.12
1770904463.281652,851,56.84,57.69
1770904463.299321,852,58.52,59.06
1770904463.311869,853,55.91,56.45
1770904463.332959,854,60.24,60.82
1770904463.357249,855,68.82,69.46
1770904463.362881,856,58.97,59.44
1770904463.386554,857,65.97,66.53
1770904463.396998,858,60.37,60.92
1770904463.427284,859,74.49,75.74
1770904463.430322,860,61.83,62.24
1770904463.441624,861,57.45,57.96
1770904463.471265,862,70.57,71.10
1770904463.473924,863,57.72,58.27
1770904463.488513,864,56.56,57.10
1770904463.513554,865,65.18,65.81
1770904463.521888,866,57.40,58.00
1770904463.535791,867,55.18,55.69
1770904463.565875,868,69.80,70.35
1770904463.569091,869,56.69,57.18
1770904463.582908,870,55.19,55.70
1770904463.599417,871,55.10,55.52
1770904463.636926,872,76.20,76.74
1770904463.638180,873,61.51,61.97
1770904463.656383,874,63.72,64.37
1770904463.675265,875,67.27,67.76
1770904463.689103,876,64.52,65.25
1770904463.701554,877,61.78,62.34
1770904463.717188,878,60.11,61.45
1770904463.731612,879,59.27,59.82
1770904463.756474,880,68.17,69.06
1770904463.763296,881,59.12,59.54
1770904463.776503,882,56.62,57.24
1770904463.804491,883,68.13,68.67
1770904463.808177,884,55.45,56.09
1770904463.827515,885,59.70,60.08
1770904463.842036,886,57.82,58.35
1770904463.872371,887,71.96,72.60
1770904463.876733,888,60.75,61.47
1770904463.892359,889,59.52,60.58
1770904463.909214,890,60.41,61.04
1770904463.922826,891,58.13,58.73
1770904463.946989,892,66.50,67.14
1770904463.955393,893,59.43,60.02
1770904463.967655,894,55.80,56.31
1770904463.997924,895,70.05,70.51
1770904464.002498,896,58.24,58.82
1770904464.016243,897,55.99,56.68
1770904464.035753,898,59.39,59.98
1770904464.067615,899,75.21,76.22
1770904464.067672,900,59.22,60.03
1770904464.082448,901,58.62,59.20
1770904464.100451,902,60.09,60.54
1770904464.113453,903,57.73,58.21
1770904464.139249,904,66.78,67.48
1770904464.145645,905,57.41,58.00
1770904464.164032,906,59.74,60.44
1770904464.179618,907,59.44,59.99
1770904464.196118,908,59.95,60.59
1770904464.208423,909,56.08,56.59
1770904464.238994,910,70.88,71.51
1770904464.241823,911,57.47,58.00
1770904464.261572,912,61.04,61.76
1770904464.271825,913,55.66,56.23
1770904464.302173,914,69.36,70.09
1770904464.305289,915,56.69,57.34
1770904464.321127,916,56.88,57.41
1770904464.356276,918,60.07,60.86
1770904464.356396,917,75.62,76.40
1770904464.367763,919,55.83,56.31
1770904464.385360,920,57.47,58.05
1770904464.414579,921,70.21,70.81
1770904464.416603,922,55.96,56.57
1770904464.443716,923,67.24,67.80
1770904464.454814,924,62.27,63.29
1770904464.467571,925,59.83,60.31
1770904464.482879,926,58.48,59.09
1770904464.510422,928,54.07,54.57
1770904464.510462,927,69.94,70.54
1770904464.530809,929,58.57,59.08
1770904464.545333,930,56.75,57.31
1770904464.568538,931,64.11,64.66
1770904464.575713,932,55.64,56.15
1770904464.596074,933,59.67,60.11
1770904464.618525,934,66.45,67.04
1770904464.628014,935,59.68,60.28
1770904464.639113,936,54.87,55.34
1770904464.668042,937,67.29,67.83
1770904464.672784,938,56.64,57.29
1770904464.701214,939,69.41,70.02
1770904464.708088,940,60.38,60.87
1770904464.736849,941,71.94,72.61
1770904464.738514,942,58.12,58.56
1770904464.756406,943,60.05,60.58
1770904464.778952,944,66.14,66.70
1770904464.786547,945,58.43,59.07
1770904464.802362,946,58.22,58.70
1770904464.831340,947,70.99,71.69
1770904464.836110,948,60.23,60.74
1770904464.849648,949,57.28,57.95
1770904464.883882,950,75.84,76.42
1770904464.886434,951,61.52,62.43
1770904464.900254,952,60.56,61.06
1770904464.915323,953,58.28,59.09
1770904464.947816,955,59.48,60.29
1770904464.947905,954,75.15,75.95
1770904464.963681,956,59.74,60.27
1770904464.990343,957,70.17,70.82
1770904464.998272,958,61.61,62.09
1770904465.009896,959,57.41,57.95
1770904465.028975,960,60.77,61.20
1770904465.048551,961,63.65,64.29
1770904465.058730,962,58.57,59.40
1770904465.072920,963,56.31,56.88
1770904465.102977,964,70.38,70.90
1770904465.105359,965,57.03,57.84
1770904465.122165,966,57.51,58.18
1770904465.145553,967,65.02,65.50
1770904465.150995,968,55.24,55.80
1770904465.177132,969,65.10,65.64
1770904465.183151,970,54.94,55.37
1770904465.203644,971,58.91,59.52
1770904465.218116,972,57.43,57.97
1770904465.247501,973,71.17,71.77
1770904465.255282,974,63.01,64.02
1770904465.265383,975,56.85,57.54
1770904465.294404,976,69.65,71.15
1770904465.298943,977,58.23,58.78
1770904465.312933,978,57.09,57.64
1770904465.330260,979,58.22,58.74
1770904465.344970,980,56.42,57.18
1770904465.374499,981,69.24,70.43
1770904465.379932,982,59.34,59.90
1770904465.392380,983,56.35,56.99
1770904465.422812,984,69.99,70.73
1770904465.428466,985,60.41,60.93
1770904465.441988,986,57.28,57.90
1770904465.463509,987,63.43,63.91
1770904465.470593,988,54.09,54.63
1770904465.495923,989,63.73,64.32
1770904465.502256,990,53.48,54.13
1770904465.531975,991,67.97,68.44
1770904465.535849,992,55.64,56.08
1770904465.550616,993,54.22,54.77
1770904465.575538,994,63.73,64.21
1770904465.586572,995,58.41,59.00
1770904465.612021,996,67.42,68.01
1770904465.616555,997,56.36,56.92
1770904465.641022,998,64.96,65.50
1770904465.645718,999,53.40,54.02
1770904465.663182,1000,55.13,55.70
1770904465.677345,1001,52.62,53.50
1770904465.705781,1002,65.66,66.26
1770904465.712428,1003,55.96,56.54
1770904465.730513,1004,58.69,59.25
1770904465.755259,1005,66.96,67.81
1770904465.761287,1006,56.78,57.59
1770904465.775396,1007,55.27,55.81
1770904465.802767,1008,66.48,67.09
1770904465.806783,1009,53.97,54.59
1770904465.824007,1010,55.98,56.73
1770904465.837730,1011,53.60,54.17
1770904465.868722,1013,52.14,52.78
1770904465.868776,1012,68.67,69.34
1770904465.887646,1014,55.48,55.98
1770904465.905113,1015,56.62,57.27
1770904465.921368,1016,56.90,57.60
1770904465.950033,1017,69.52,70.18
1770904465.955098,1018,58.37,59.08
1770904465.966112,1019,54.34,54.90
1770904465.989921,1020,62.12,62.72
1770904465.999754,1021,55.62,56.14
1770904466.011668,1022,51.48,51.99
1770904466.048054,1024,55.41,56.08
1770904466.048133,1023,71.27,71.90
1770904466.063826,1025,55.41,55.96
1770904466.077385,1026,52.81,53.51
1770904466.096227,1027,56.01,56.53
1770904466.129105,1028,71.92,72.85
1770904466.129503,1029,57.22,57.56
1770904466.143040,1030,54.87,55.49
1770904466.172311,1031,68.50,68.99
1770904466.174737,1032,54.40,55.12
1770904466.191523,1033,55.09,55.85
1770904466.208868,1034,56.11,56.68
1770904466.231549,1035,63.70,64.28
1770904466.239351,1036,54.90,55.48
1770904466.269567,1037,69.54,70.06
1770904466.270400,1038,53.94,54.37
1770904466.284700,1039,52.84,53.26
1770904466.310753,1040,62.48,63.24
1770904466.317447,1041,53.60,54.18
1770904466.332906,1042,52.77,53.34
1770904466.365145,1043,69.00,69.46
1770904466.367099,1044,54.94,55.33
1770904466.380974,1045,52.92,53.44
1770904466.423922,1046,79.10,79.88
1770904466.426877,1047,66.60,67.32
1770904466.435321,1048,58.59,59.06
1770904466.446539,1049,53.97,54.45
1770904466.480315,1051,56.12,56.69
1770904466.480359,1050,72.52,72.96
1770904466.497010,1052,57.03,57.55
1770904466.509123,1053,52.67,53.40
1770904466.535386,1054,62.87,63.48
1770904466.542166,1055,54.14,54.70
1770904466.567824,1056,63.21,63.64
1770904466.575294,1057,55.63,56.08
1770904466.590020,1058,54.05,54.75
1770904466.613951,1059,62.10,62.70
1770904466.622186,1060,53.95,54.42
1770904466.637329,1061,53.22,53.72
1770904466.665502,1062,65.17,65.77
1770904466.669339,1063,52.81,53.27
1770904466.685816,1064,53.68,54.31
1770904466.716831,1065,68.65,69.40
1770904466.721052,1066,56.67,57.25
1770904466.734544,1067,54.61,55.05
1770904466.751021,1068,54.99,55.52
1770904466.767995,1069,55.54,56.03
1770904466.781391,1070,53.36,54.00
1770904466.815486,1072,55.12,55.64
1770904466.816158,1071,72.03,72.54
1770904466.830320,1073,53.81,54.25
1770904466.855146,1074,62.83,63.57
1770904466.863053,1075,54.67,55.20
1770904466.877840,1076,53.71,54.57
1770904466.904327,1077,64.54,64.91
1770904466.911714,1078,56.13,56.52
1770904466.930675,1079,58.12,58.53
1770904466.955116,1080,66.17,67.05
1770904466.962725,1081,58.44,58.85
1770904466.984921,1082,64.45,65.04
1770904466.996052,1083,59.87,60.27
1770904467.009877,1084,57.22,57.82
1770904467.038293,1085,69.89,70.38
1770904467.040609,1086,55.77,56.40
1770904467.061583,1087,60.95,61.37
1770904467.074229,1088,57.63,58.16
1770904467.103470,1089,70.83,71.37
1770904467.105431,1090,56.82,57.55
1770904467.121802,1091,57.56,58.07
1770904467.151404,1092,71.34,72.07
1770904467.156017,1093,59.44,60.27
1770904467.168901,1094,56.77,57.29
1770904467.192992,1095,65.20,65.79
1770904467.201154,1096,57.06,57.70
1770904467.230182,1097,69.36,69.98
1770904467.235336,1098,58.74,59.27
1770904467.249001,1099,56.35,57.49
1770904467.273333,1100,65.36,66.07
1770904467.279142,1101,54.72,55.36
1770904467.295901,1102,55.90,56.39
1770904467.325284,1103,67.75,68.75
1770904467.329003,1104,56.94,57.38
1770904467.341772,1105,52.98,53.52
1770904467.361461,1106,56.98,57.41
1770904467.372949,1107,52.85,53.49
1770904467.398160,1108,61.48,62.02
1770904467.405506,1109,53.02,53.56
1770904467.431555,1110,63.45,63.94
1770904467.440842,1111,56.29,56.81
1770904467.456078,1112,56.31,56.84
1770904467.470126,1113,53.85,54.45
1770904467.486438,1114,54.45,54.96
1770904467.515461,1115,66.64,67.47
1770904467.519413,1116,54.80,55.33
1770904467.533305,1117,52.57,53.06
1770904467.569817,1118,73.02,73.59
1770904467.572902,1119,60.66,61.25
1770904467.582401,1120,54.51,55.08
1770904467.619588,1122,59.02,59.80
1770904467.621846,1121,77.78,78.38
1770904467.632781,1123,56.18,56.68
1770904467.646830,1124,54.66,55.24
1770904467.669451,1125,60.85,61.33
1770904467.678150,1126,53.51,54.12
1770904467.695329,1127,54.81,55.30
1770904467.716587,1128,59.77,60.58
1770904467.729903,1129,57.86,58.34
1770904467.757432,1130,69.41,70.17
1770904467.760176,1131,56.24,56.70
1770904467.775040,1132,54.72,55.32
1770904467.793357,1133,56.88,57.36
1770904467.823582,1134,70.52,71.32
1770904467.824591,1135,55.57,56.62
1770904467.838844,1136,54.08,54.65
1770904467.872162,1138,55.49,56.13
1770904467.873849,1137,73.55,74.08
1770904467.887844,1139,55.86,56.50
1770904467.905591,1140,56.95,57.60
1770904467.935017,1141,70.34,70.92
1770904467.935072,1142,54.65,55.10
1770904467.949912,1143,53.88,54.44
1770904467.976362,1144,64.15,64.60
1770904467.982801,1145,54.88,55.50
1770904468.000899,1146,56.23,56.73
1770904468.012402,1147,52.52,53.00
1770904468.043655,1148,67.41,68.02
1770904468.048028,1149,55.35,56.16
1770904468.064277,1150,55.69,56.24
1770904468.078631,1151,54.33,55.06
1770904468.095811,1152,55.44,56.03
1770904468.122599,1153,65.56,66.40
1770904468.127996,1154,56.07,56.55
1770904468.141360,1155,52.97,53.59
1770904468.165380,1156,60.97,61.42
1770904468.173598,1157,53.70,54.27
1770904468.202209,1158,65.43,66.04
1770904468.206353,1159,54.28,54.83
1770904468.223368,1160,54.85,55.82
1770904468.248365,1161,64.02,64.72
1770904468.257725,1162,56.74,58.33
1770904468.277000,1163,60.86,61.47
1770904468.287935,1164,55.48,56.13
1770904468.311094,1165,62.36,62.85
1770904468.320540,1166,56.16,56.92
1770904468.333758,1167,53.00,53.60
1770904468.348732,1168,52.22,52.95
1770904468.367959,1169,55.37,55.85
1770904468.401926,1170,73.42,73.93
1770904468.401970,1171,57.56,58.12
1770904468.414956,1172,54.29,55.05
1770904468.432819,1173,56.19,56.71
1770904468.457833,1174,65.45,66.43
1770904468.464305,1175,55.73,56.20
1770904468.485994,1176,61.20,61.87
1770904468.497020,1177,56.53,57.01
1770904468.509254,1178,53.39,53.95
1770904468.540388,1179,68.42,68.93
1770904468.542569,1180,53.81,54.41
1770904468.559473,1181,54.63,55.31
1770904468.574524,1182,54.61,55.13
1770904468.602632,1183,65.90,66.55
1770904468.606818,1184,54.52,55.06
1770904468.624436,1185,55.88,56.67
1770904468.639059,1186,54.84,55.42
1770904468.657610,1187,56.92,57.70
1770904468.680638,1188,64.08,64.63
1770904468.687873,1189,55.85,56.43
1770904468.701575,1190,52.33,52.91
1770904468.730346,1191,66.12,66.67
1770904468.734572,1192,54.13,54.63
1770904468.750340,1193,54.09,54.62
1770904468.773274,1194,60.98,61.56
1770904468.780717,1195,52.47,53.15
1770904468.810907,1196,66.62,67.17
1770904468.813776,1197,53.43,53.85
1770904468.831315,1198,55.57,56.07
1770904468.846612,1199,54.02,54.72
1770904468.876910,1200,68.93,69.52
1770904468.879253,1201,54.74,55.30
1770904468.896297,1202,56.32,56.82
1770904468.911016,1203,54.52,55.21
1770904468.942184,1204,69.35,69.99
1770904468.942221,1205,54.15,54.82
1770904468.959320,1206,55.20,55.87
1770904468.990897,1207,69.84,70.73
1770904468.993466,1208,57.47,58.03
1770904469.006861,1209,55.01,55.61
1770904469.024544,1210,56.09,56.83
1770904469.036980,1211,52.29,52.87
1770904469.054291,1212,54.44,55.00
1770904469.078884,1213,62.29,62.87
1770904469.087420,1214,55.32,55.94
1770904469.102214,1215,53.51,54.11
1770904469.119279,1216,55.15,55.63
1770904469.141436,1217,60.97,61.47
1770904469.149079,1218,52.99,53.66
1770904469.179540,1219,67.63,68.19
1770904469.182229,1220,54.16,54.79
1770904469.200364,1221,56.33,56.79
1770904469.214896,1222,53.94,54.66
1770904469.236608,1223,59.85,60.44
1770904469.245210,1224,53.05,53.97
1770904469.267482,1225,59.43,59.97
1770904469.281280,1226,56.36,57.17
1770904469.295223,1227,54.90,55.44
1770904469.319046,1228,63.06,63.81
1770904469.327040,1229,54.89,55.41
1770904469.342902,1230,54.97,55.56
1770904469.366392,1231,62.57,63.03
1770904469.374350,1232,53.80,54.30
1770904469.400089,1233,64.27,64.71
1770904469.408272,1234,55.66,56.20
1770904469.422184,1235,54.26,54.71
1770904469.447000,1236,62.99,63.50
1770904469.455634,1237,55.54,56.09
1770904469.470434,1238,54.34,54.98
1770904469.497851,1239,65.80,66.32
1770904469.501233,1240,52.64,53.18
1770904469.517327,1241,53.45,53.98
1770904469.545859,1242,65.62,66.28
1770904469.549450,1243,53.32,53.90
1770904469.565003,1244,53.14,53.68
1770904469.592877,1245,64.12,64.72
1770904469.600054,1246,56.26,56.70
1770904469.630485,1247,70.55,71.05
1770904469.633789,1248,56.02,57.15
1770904469.648610,1249,56.53,57.24
1770904469.664425,1250,56.72,57.20
1770904469.678467,1251,53.61,54.55
1770904469.710349,1253,53.95,54.56
1770904469.710389,1252,69.91,70.43
1770904469.727597,1254,55.57,56.02
1770904469.744987,1255,56.75,57.36
1770904469.770268,1256,65.76,66.35
1770904469.776627,1257,56.56,57.12
1770904469.792270,1258,56.00,56.60
1770904469.821645,1259,68.76,69.49
1770904469.825872,1260,57.67,58.41
1770904469.837827,1261,53.54,54.05
1770904469.855208,1262,55.26,55.71
1770904469.875839,1263,59.10,59.81
1770904469.885962,1264,54.02,54.70
1770904469.901833,1265,53.26,53.87
1770904469.933966,1266,69.45,70.00
1770904469.934906,1267,54.52,54.98
1770904469.951065,1268,54.54,55.03
1770904469.980958,1269,68.28,68.95
1770904469.983873,1270,55.10,55.72
1770904469.997843,1271,53.34,53.80
1770904470.013647,1272,54.01,54.43
1770904470.040324,1273,64.06,64.62
1770904470.044441,1274,51.46,52.24
1770904470.062780,1275,54.29,54.79
1770904470.090128,1276,65.61,66.33
1770904470.095575,1277,55.16,55.59
1770904470.109879,1278,53.44,54.23
1770904470.143892,1279,71.50,71.98
1770904470.143936,1280,55.10,55.75
1770904470.162332,1281,58.10,58.56
1770904470.176266,1282,55.44,56.19
1770904470.194429,1283,58.35,58.84
1770904470.221425,1284,68.71,69.38
1770904470.227322,1285,59.28,59.88
1770904470.239692,1286,55.71,56.28
1770904470.267306,1287,67.15,67.72
1770904470.271805,1288,55.26,55.94
1770904470.288802,1289,56.43,57.30
1770904470.303511,1290,55.06,55.66
1770904470.332571,1291,68.71,69.23
1770904470.333688,1292,53.39,53.84
1770904470.350510,1293,54.64,55.12
1770904470.380737,1294,68.46,69.09
1770904470.381839,1295,53.09,53.66
1770904470.399352,1296,54.95,55.45
1770904470.414173,1297,54.43,54.96
1770904470.433149,1298,57.00,57.58
1770904470.463964,1299,71.41,72.02
1770904470.464858,1300,56.88,57.36
1770904470.478656,1301,53.98,54.76
1770904470.505323,1302,65.55,66.08
1770904470.512036,1303,55.61,56.23
1770904470.529153,1304,56.68,57.16
1770904470.555383,1305,66.71,67.55
1770904470.559886,1306,56.06,56.64
1770904470.573929,1307,53.03,53.70
1770904470.601319,1308,65.58,66.10
1770904470.604873,1309,52.58,53.18
1770904470.622958,1310,54.71,55.52
1770904470.637948,1311,53.41,53.85
1770904470.665519,1312,64.80,65.31
1770904470.670423,1313,53.95,54.44
1770904470.689063,1314,56.79,57.33
1770904470.703290,1315,54.53,55.16
1770904470.729473,1316,64.80,65.39
1770904470.736016,1317,55.98,56.50
1770904470.764510,1318,67.96,68.55
1770904470.767436,1319,55.52,55.99
1770904470.781709,1320,53.68,54.32
1770904470.814208,1321,69.43,70.04
1770904470.814268,1322,53.84,54.72
1770904470.830897,1323,54.96,55.38
1770904470.862188,1324,69.63,70.33
1770904470.864445,1325,56.19,56.64
1770904470.877094,1326,52.80,53.78
1770904470.908753,1327,68.12,68.72
1770904470.911027,1328,54.99,55.70
1770904470.928946,1329,56.94,57.42
1770904470.944109,1330,55.28,55.87
1770904470.966366,1331,61.81,62.53
1770904470.975078,1332,54.25,54.90
1770904470.993366,1333,56.88,57.25
1770904471.021077,1334,68.08,68.86
1770904471.024518,1335,56.27,57.08
1770904471.038335,1336,53.64,54.12
1770904471.069361,1337,69.33,69.86
1770904471.071384,1338,54.80,55.65
1770904471.085394,1339,52.98,53.49
1770904471.101070,1340,52.88,53.55
1770904471.128878,1341,65.05,65.56
1770904471.132514,1342,52.44,52.96
1770904471.149199,1343,52.59,53.07
1770904471.167226,1344,54.51,55.00
1770904471.192724,1345,64.66,65.22
1770904471.199701,1346,55.58,56.06
1770904471.214050,1347,54.14,54.74
1770904471.247005,1348,71.10,71.65
1770904471.249377,1349,56.98,57.59
1770904471.266375,1350,57.88,58.44
1770904471.279098,1351,54.56,55.31
1770904471.295681,1352,54.98,55.54
1770904471.327189,1354,55.06,55.68
1770904471.327224,1353,70.67,71.76
1770904471.341220,1355,52.38,53.01
1770904471.370384,1356,66.01,66.51
1770904471.372518,1357,52.79,53.31
1770904471.399127,1358,62.55,63.14
1770904471.405610,1359,53.87,54.36
1770904471.424942,1360,56.35,57.11
1770904471.447390,1361,63.14,63.73
1770904471.458546,1362,56.28,58.38
1770904471.483268,1363,66.94,67.49
1770904471.487995,1364,55.29,55.89
1770904471.504110,1365,56.29,56.80
1770904471.519281,1366,55.17,55.70
1770904471.534271,1367,53.72,54.25
1770904471.551149,1368,55.20,55.72
1770904471.566893,1369,54.21,54.69
1770904471.597116,1370,68.39,68.96
1770904471.598021,1371,54.13,54.59
1770904471.611278,1372,51.49,52.03
1770904471.630735,1373,54.29,54.75
1770904471.655659,1374,62.71,63.39
1770904471.663892,1375,55.30,55.79
1770904471.693515,1376,69.18,70.08
1770904471.700074,1377,59.61,60.11
1770904471.711442,1378,55.32,55.80
1770904471.743364,1379,70.77,71.27
1770904471.746846,1380,58.71,59.42
1770904471.761664,1381,57.05,57.50
1770904471.779365,1382,59.06,59.75
1770904471.793532,1383,56.66,57.25
1770904471.824691,1384,71.91,72.68
1770904471.825869,1385,57.55,58.10
1770904471.838040,1386,53.83,54.46
1770904471.869164,1387,69.07,69.55
1770904471.870532,1388,54.01,54.67
1770904471.888294,1389,55.89,56.43
1770904471.903935,1390,55.13,55.76
1770904471.934026,1391,69.98,70.58
1770904471.935588,1392,55.35,55.88
1770904471.949352,1393,53.19,53.76
1770904471.979249,1394,66.62,67.18
1770904471.982285,1395,53.82,54.33
1770904472.014123,1396,69.67,70.41
1770904472.014193,1397,54.37,54.69
1770904472.030499,1398,54.19,54.78
1770904472.045103,1399,53.20,53.70
1770904472.062464,1400,54.09,54.62
1770904472.076364,1401,52.22,53.09
1770904472.102360,1402,62.13,62.73
1770904472.109709,1403,52.32,53.43
1770904472.129062,1404,57.01,57.47
1770904472.155270,1405,67.08,67.75
1770904472.161839,1406,57.83,58.38
1770904472.175086,1407,54.69,55.30
1770904472.192999,1408,56.20,56.80
1770904472.216677,1409,64.41,64.98
1770904472.223199,1410,55.25,55.91
1770904472.247573,1411,62.82,63.41
1770904472.258666,1412,57.93,58.47
1770904472.269566,1413,53.16,53.75
1770904472.300983,1415,53.02,53.61
1770904472.301025,1414,68.51,69.10
1770904472.332572,1416,68.52,69.18
1770904472.334545,1417,54.43,54.90
1770904472.351613,1418,55.10,55.58
1770904472.379398,1419,66.70,67.25
1770904472.384607,1420,56.39,56.99
1770904472.400378,1421,56.17,56.69
1770904472.416537,1422,56.09,56.54
1770904472.442851,1423,66.80,67.42
1770904472.448489,1424,55.60,56.67
1770904472.467496,1425,59.28,59.90
1770904472.483077,1426,58.61,59.37
1770904472.511325,1427,71.48,72.09
1770904472.513136,1428,56.82,57.49
1770904472.529550,1429,57.41,57.90
1770904472.544223,1430,55.36,55.96
1770904472.568972,1431,64.85,65.39
1770904472.574619,1432,54.80,55.39
1770904472.594203,1433,58.04,58.49
1770904472.605593,1434,53.84,54.36
1770904472.629578,1435,61.18,61.78
1770904472.638589,1436,54.31,54.89
1770904472.654954,1437,55.01,55.57
1770904472.678835,1438,62.45,63.06
1770904472.688875,1439,56.46,57.16
1770904472.703803,1440,55.31,56.09
1770904472.735118,1441,71.05,71.59
1770904472.736416,1442,56.21,56.58
1770904472.750808,1443,54.08,54.59
1770904472.778311,1444,65.83,66.41
1770904472.783240,1445,54.75,55.32
1770904472.799334,1446,55.34,55.82
1770904472.818225,1447,57.66,58.24
1770904472.841097,1448,64.65,65.16
1770904472.849583,1449,57.38,58.13
1770904472.864049,1450,56.10,56.56
1770904472.890662,1451,66.25,67.24
1770904472.898388,1452,58.24,58.91
1770904472.922340,1453,65.58,66.43
1770904472.945757,1454,73.02,73.54
1770904472.951779,1455,63.39,64.08
1770904472.969172,1456,65.03,65.71
1770904472.981586,1457,61.45,62.34
1770904473.008351,1458,71.64,72.24
1770904473.015278,1459,62.83,63.59
1770904473.031004,1460,62.49,62.99
1770904473.057920,1461,73.39,74.12
1770904473.069392,1462,68.65,69.45
1770904473.082874,1463,67.08,67.61
1770904473.110641,1464,77.91,78.54
1770904473.119908,1465,71.28,72.07
1770904473.127904,1466,63.90,64.55
1770904473.144471,1467,64.53,65.04
1770904473.162904,1468,66.29,66.93
1770904473.177855,1469,65.42,66.13
1770904473.201048,1470,72.55,73.14
1770904473.206193,1471,61.73,62.34
1770904473.218696,1472,58.40,59.10
1770904473.234282,1473,57.95,58.44
1770904473.249158,1474,56.30,57.13
1770904473.278574,1475,70.85,71.32
1770904473.283090,1476,58.26,59.30
1770904473.296946,1477,57.03,57.50
1770904473.316251,1478,59.31,59.98
1770904473.328598,1479,56.10,56.61
1770904473.356380,1480,67.39,68.11
1770904473.360948,1481,56.43,56.87
1770904473.371519,1482,51.74,52.21
1770904473.404080,1483,67.89,68.36
1770904473.408631,1484,55.97,56.58
1770904473.422444,1485,53.67,54.35
1770904473.452149,1486,67.86,68.46
1770904473.457163,1487,56.92,57.57
1770904473.472155,1488,55.73,56.37
1770904473.488192,1489,56.15,56.81
1770904473.514960,1490,66.30,67.25
1770904473.520985,1491,56.60,57.15
1770904473.535087,1492,54.40,54.90
1770904473.567369,1493,71.64,72.16
1770904473.567417,1494,55.49,55.95
1770904473.580289,1495,51.74,52.22
1770904473.597606,1496,53.84,54.38
1770904473.624407,1497,64.17,64.96
1770904473.630806,1498,54.67,55.22
1770904473.643329,1499,51.09,51.71
1770904473.675729,1500,67.37,68.04
1770904473.678780,1501,53.99,54.58
1770904473.695902,1502,55.32,55.89
1770904473.712222,1503,56.13,56.73
1770904473.733580,1504,61.12,61.73
1770904473.742936,1505,54.38,55.03
1770904473.775151,1507,55.28,55.79
1770904473.775244,1506,70.71,71.19
1770904473.792914,1508,56.40,57.14
1770904473.815654,1509,62.94,63.58
1770904473.824506,1510,55.82,56.38
1770904473.842019,1511,58.05,58.62
1770904473.867746,1512,67.41,67.98
1770904473.870613,1513,54.54,55.29
1770904473.888555,1514,56.07,56.60
1770904473.902510,1515,53.73,54.35
1770904473.921162,1516,56.71,57.38
1770904473.943841,1517,63.65,64.11
1770904473.950341,1518,54.30,54.88
1770904473.965996,1519,53.90,54.34
1770904473.981446,1520,53.52,54.14
1770904474.007666,1521,63.45,63.91
1770904474.012463,1522,52.44,52.96
1770904474.038382,1523,61.75,62.27
1770904474.043000,1524,50.94,51.47
1770904474.063570,1525,55.59,56.05
1770904474.076378,1526,52.10,52.73
1770904474.113136,1528,56.32,57.09
1770904474.113196,1527,73.28,73.75
1770904474.127928,1529,55.77,56.20
1770904474.142193,1530,54.07,54.72
1770904474.171214,1531,67.14,67.68
1770904474.175232,1532,55.38,56.00
1770904474.191574,1533,54.96,55.52
1770904474.222607,1534,70.57,71.27
1770904474.224198,1535,56.21,56.74
1770904474.238027,1536,54.03,54.66
1770904474.262572,1537,62.30,62.78
1770904474.273962,1538,57.20,57.90
1770904474.288264,1539,56.38,57.06
1770904474.321244,1541,56.89,57.61
1770904474.321308,1540,72.10,73.11
1770904474.335508,1542,54.89,55.44
1770904474.366275,1543,70.35,70.90
1770904474.369424,1544,57.15,57.69
1770904474.380559,1545,52.76,53.23
1770904474.399638,1546,55.46,55.96
1770904474.430456,1547,70.35,71.13
1770904474.432586,1548,56.58,57.07
1770904474.447227,1549,54.74,55.49
1770904474.475716,1550,66.89,67.94
1770904474.482008,1551,57.48,58.24
1770904474.497819,1552,57.43,58.03
1770904474.523298,1553,67.17,67.87
1770904474.528848,1554,56.91,57.59
1770904474.555417,1555,66.56,67.25
1770904474.563011,1556,58.74,59.14
1770904474.583892,1557,64.09,64.66
1770904474.594126,1558,57.48,58.20
1770904474.609791,1559,57.70,58.36
1770904474.634503,1560,65.87,66.44
1770904474.637897,1561,53.74,54.26
1770904474.655983,1562,55.85,56.42
1770904474.669593,1563,53.09,53.66
1770904474.700606,1564,68.24,68.75
1770904474.702102,1565,53.36,54.08
1770904474.719137,1566,54.51,54.99
1770904474.734214,1567,53.93,54.44
1770904474.756386,1568,59.44,60.11
1770904474.767058,1569,54.29,54.79
1770904474.793375,1570,65.34,66.08
1770904474.798786,1571,54.65,55.18
1770904474.812857,1572,52.52,53.24
1770904474.833496,1573,56.82,57.29
1770904474.849307,1574,57.06,57.83
1770904474.868215,1575,59.83,60.31
1770904474.878958,1576,54.27,54.95
1770904474.897213,1577,57.08,57.55
1770904474.923624,1578,67.26,68.00
1770904474.929903,1579,58.13,58.55
1770904474.943994,1580,55.31,55.92
1770904474.960272,1581,56.39,56.85
1770904474.976848,1582,55.98,57.08
1770904474.991469,1583,54.56,55.44
1770904475.013650,1584,60.94,61.50
1770904475.026554,1585,58.69,59.15
1770904475.037241,1586,52.71,53.24
1770904475.064203,1587,63.87,64.34
1770904475.069233,1588,52.93,53.45
1770904475.095468,1589,63.29,63.76
1770904475.102278,1590,54.17,54.89
1770904475.118720,1591,54.15,54.65
1770904475.150165,1592,70.35,70.86
1770904475.151027,1593,55.19,55.64
1770904475.167282,1594,55.34,55.90
1770904475.189367,1595,61.52,62.14
1770904475.199350,1596,55.34,55.86
1770904475.224693,1597,62.54,64.52
1770904475.231128,1598,55.25,55.74
1770904475.245737,1599,53.52,54.20
1770904475.265694,1600,57.53,58.20
1770904475.289527,1601,64.76,65.59
1770904475.296665,1602,56.98,57.44
1770904475.322415,1603,65.75,66.53
1770904475.329279,1604,57.00,57.50
1770904475.343867,1605,54.69,55.43
1770904475.362653,1606,58.30,58.81
1770904475.383115,1607,63.26,63.87
1770904475.391569,1608,55.61,56.20
1770904475.412663,1609,60.15,60.66
1770904475.426093,1610,57.80,58.31
1770904475.438147,1611,53.58,53.99
1770904475.454698,1612,54.76,55.30
1770904475.480804,1613,64.30,64.96
1770904475.488274,1614,55.51,56.05
1770904475.501831,1615,53.91,54.60
1770904475.528426,1616,64.77,65.21
1770904475.535281,1617,55.08,55.70
1770904475.550468,1618,53.83,54.31
1770904475.580271,1619,67.83,68.31
1770904475.580331,1620,52.17,52.73
1770904475.598016,1621,54.11,54.59
1770904475.629642,1622,69.54,70.03
1770904475.631009,1623,54.32,54.76
1770904475.643664,1624,51.56,52.21
1770904475.672913,1625,64.30,64.81
1770904475.678310,1626,54.11,54.84
1770904475.695717,1627,55.17,55.62
1770904475.721460,1628,64.31,65.62
1770904475.730810,1629,58.80,59.32
1770904475.744437,1630,56.22,56.99
1770904475.762661,1631,58.38,58.80
1770904475.788991,1632,68.07,68.89
1770904475.793709,1633,57.12,57.69
1770904475.804868,1634,52.69,53.22
1770904475.831592,1635,63.27,63.76
1770904475.839223,1636,54.40,55.13
1770904475.866042,1637,65.23,65.82
1770904475.873734,1638,57.10,57.69
1770904475.903219,1639,71.36,71.72
1770904475.908899,1640,60.58,61.43
1770904475.921908,1641,56.62,58.12
1770904475.937881,1642,57.50,58.03
1770904475.965345,1643,68.62,69.18
1770904475.967719,1644,55.16,55.68
1770904475.982175,1645,54.27,54.88
1770904476.011060,1646,66.37,67.02
1770904476.017120,1647,56.97,57.52
1770904476.036281,1648,59.81,60.42
1770904476.063049,1649,70.85,71.73
1770904476.067777,1650,58.82,59.82
1770904476.080571,1651,56.67,57.35
1770904476.096641,1652,56.65,57.20
1770904476.125021,1653,67.79,69.01
1770904476.130235,1654,57.83,58.31
1770904476.142999,1655,54.73,55.32
1770904476.161086,1656,56.76,57.31
1770904476.174873,1657,54.00,54.62
1770904476.192955,1658,56.88,57.57
1770904476.214451,1659,61.62,62.31
1770904476.224146,1660,56.18,56.78
1770904476.238577,1661,54.06,54.57
1770904476.263692,1662,62.97,63.48
1770904476.270432,1663,54.38,54.92
1770904476.288392,1664,56.14,56.74
1770904476.314614,1665,66.13,66.88
1770904476.321788,1666,57.80,58.34
1770904476.334162,1667,54.13,54.60
1770904476.366526,1668,70.31,70.83
1770904476.366567,1669,53.82,54.39
1770904476.383076,1670,54.58,55.07
1770904476.399104,1671,55.32,55.84
1770904476.415555,1672,55.23,56.02
1770904476.437529,1673,61.30,61.87
1770904476.446084,1674,53.17,53.82
1770904476.481655,1675,72.76,73.43
1770904476.482496,1676,58.19,58.76
1770904476.495599,1677,55.47,55.95
1770904476.512339,1678,55.91,56.93
1770904476.529528,1679,57.03,57.61
1770904476.541961,1680,53.58,54.28
1770904476.571040,1681,66.73,67.27
1770904476.574171,1682,54.02,54.66
1770904476.590546,1683,54.18,54.87
1770904476.606333,1684,53.76,54.26
1770904476.632129,1685,63.63,64.11
1770904476.637425,1686,52.65,53.16
1770904476.654703,1687,54.03,54.67
1770904476.683967,1688,67.82,68.46
1770904476.688049,1689,55.71,56.33
1770904476.701534,1690,53.41,54.00
1770904476.730179,1691,66.19,66.72
1770904476.734336,1692,54.04,54.61
1770904476.752040,1693,55.52,56.14
1770904476.777495,1694,65.20,65.77
1770904476.783065,1695,55.20,55.77
1770904476.805271,1696,61.20,61.77
1770904476.813321,1697,53.49,53.94
1770904476.838547,1698,62.22,62.87
1770904476.845097,1699,52.60,53.27
1770904476.863999,1700,56.13,56.62
1770904476.889534,1701,64.94,65.84
1770904476.897596,1702,57.59,58.05
1770904476.911310,1703,54.18,55.04
1770904476.948658,1704,75.67,76.50
1770904476.948733,1705,59.92,61.07
1770904476.959817,1706,55.40,56.12
1770904476.985421,1707,65.39,65.98
1770904476.993602,1708,57.50,57.98
1770904477.004495,1709,52.32,52.76
1770904477.032072,1710,64.26,64.78
1770904477.036879,1711,52.63,53.16
1770904477.054342,1712,54.00,54.66
1770904477.077167,1713,60.94,61.49
1770904477.087407,1714,54.95,55.42
1770904477.102351,1715,53.68,54.28
1770904477.130386,1716,66.51,67.01
1770904477.134080,1717,54.33,54.84
1770904477.149443,1718,53.35,53.94
1770904477.169662,1719,57.69,58.17
1770904477.183141,1720,54.73,55.19
1770904477.198756,1721,55.06,55.53
1770904477.226316,1722,66.03,66.82
1770904477.231716,1723,55.45,55.95
1770904477.245960,1724,53.11,53.75
1770904477.274008,1725,65.61,66.10
1770904477.278054,1726,53.10,53.93
1770904477.298129,1727,57.65,58.17
1770904477.325009,1728,67.91,68.87
1770904477.327768,1729,55.72,56.18
1770904477.341926,1730,53.05,53.72
1770904477.371086,1731,67.32,67.85
1770904477.374460,1732,54.33,54.92
1770904477.405848,1733,69.18,69.90
1770904477.407943,1734,55.30,55.84
1770904477.423308,1735,54.60,55.34
1770904477.449355,1736,65.18,65.72
1770904477.455914,1737,55.26,55.79
1770904477.471101,1738,54.47,55.00
1770904477.500176,1739,67.77,68.26
1770904477.505279,1740,56.30,57.11
1770904477.522343,1741,57.68,58.42
1770904477.548622,1742,67.74,68.42
1770904477.551730,1743,55.69,56.23
1770904477.573331,1744,61.40,61.96
1770904477.581434,1745,53.41,54.00
1770904477.599976,1746,55.72,56.30
1770904477.623560,1747,62.94,63.36
1770904477.629973,1748,53.97,54.50
1770904477.655223,1749,62.72,63.58
1770904477.663293,1750,54.84,55.29
1770904477.676902,1751,52.91,53.45
1770904477.696207,1752,55.64,56.10
1770904477.719127,1753,63.15,63.92
1770904477.727042,1754,55.00,55.58
1770904477.755152,1755,66.26,67.05
1770904477.760542,1756,56.70,57.23
1770904477.775382,1757,54.80,55.20
1770904477.801949,1758,65.72,66.27
1770904477.806853,1759,54.16,54.72
1770904477.822308,1760,53.99,54.69
1770904477.855090,1761,70.84,71.57
1770904477.855159,1762,54.66,55.45
1770904477.869667,1763,53.12,53.67
1770904477.902689,1764,69.97,70.71
1770904477.904905,1765,56.47,57.16
1770904477.921688,1766,56.72,57.44
1770904477.946616,1767,66.28,66.79
1770904477.951801,1768,55.19,55.80
1770904477.969255,1769,56.73,57.24
1770904477.981279,1770,53.00,53.62
1770904478.015829,1772,55.13,55.85
1770904478.016695,1771,72.07,72.61
1770904478.035684,1773,59.79,60.27
1770904478.048290,1774,55.83,56.75
1770904478.069676,1775,60.86,61.50
1770904478.077836,1776,53.28,53.99
1770904478.105805,1777,65.44,66.03
1770904478.111790,1778,55.76,56.33
1770904478.140428,1779,68.14,68.66
1770904478.143783,1780,55.17,55.79
1770904478.161686,1781,57.85,58.30
1770904478.176679,1782,56.08,56.72
1770904478.191534,1783,55.28,56.09
1770904478.222966,1784,70.25,71.05
1770904478.225763,1785,57.29,57.94
1770904478.239258,1786,54.82,55.41
1770904478.258516,1787,58.14,58.94
1770904478.275647,1788,59.20,59.79
1770904478.288870,1789,56.50,57.09
1770904478.306126,1790,57.89,58.67
1770904478.332035,1791,67.93,68.44
1770904478.342513,1792,62.10,62.67
1770904478.356940,1793,60.34,60.96
1770904478.369362,1794,57.51,58.13
1770904478.385771,1795,56.66,58.25
1770904478.400087,1796,56.07,56.52
1770904478.429118,1797,68.50,69.05
1770904478.433251,1798,57.13,57.74
1770904478.446943,1799,54.19,54.90
1770904478.476567,1800,67.84,68.36
1770904478.478729,1801,53.93,55.01
1770904478.499549,1802,59.64,60.19
1770904478.511318,1803,54.65,55.25
1770904478.539016,1804,66.02,66.76
1770904478.543583,1805,55.19,55.67
1770904478.567845,1806,63.61,64.18
1770904478.575517,1807,55.66,56.13
1770904478.597229,1808,60.47,61.09
1770904478.607300,1809,55.15,55.60
1770904478.625404,1810,57.07,57.70
1770904478.652340,1811,68.00,68.67
1770904478.657887,1812,57.57,58.53
1770904478.668759,1813,52.78,53.29
1770904478.687002,1814,55.13,55.78
1770904478.711440,1815,62.97,63.72
1770904478.717097,1816,52.93,53.51
1770904478.736801,1817,56.45,56.89
1770904478.764686,1818,68.48,69.08
1770904478.767430,1819,55.69,56.08
1770904478.781027,1820,53.05,53.73
1770904478.811542,1821,67.18,67.66
1770904478.816120,1822,55.23,55.91
1770904478.832175,1823,56.15,56.59
1770904478.849121,1824,56.25,56.87
1770904478.862873,1825,55.00,55.63
1770904478.877515,1826,53.58,54.29
1770904478.906629,1827,66.81,67.37
1770904478.912379,1828,55.49,56.12
1770904478.931128,1829,58.70,59.23
1770904478.956597,1830,67.91,68.96
1770904478.963838,1831,59.27,59.98
1770904478.977715,1832,57.45,58.12
1770904479.003709,1833,67.89,68.43
1770904479.010762,1834,58.52,59.20
1770904479.028288,1835,59.83,60.30
1770904479.053341,1836,68.82,69.46
1770904479.059257,1837,58.39,59.06
1770904479.073095,1838,56.59,57.18
1770904479.099669,1839,67.62,68.21
1770904479.104353,1840,55.65,56.59
1770904479.134945,1841,70.59,71.09
1770904479.137924,1842,57.18,57.69
1770904479.154512,1843,58.14,58.84
1770904479.169880,1844,57.83,58.37
1770904479.185379,1845,57.03,57.57
1770904479.199972,1846,55.28,55.88
1770904479.226693,1847,66.37,67.02
1770904479.232384,1848,55.83,56.36
1770904479.246516,1849,54.31,54.96
1770904479.275703,1850,66.98,67.60
1770904479.280142,1851,55.67,56.53
1770904479.295652,1852,55.61,56.12
1770904479.327016,1853,70.57,71.39
1770904479.330194,1854,57.57,58.10
1770904479.343359,1855,54.49,55.15
1770904479.373292,1856,68.82,69.46
1770904479.377170,1857,56.22,56.92
1770904479.392498,1858,56.65,57.24
1770904479.415903,1859,63.84,64.37
1770904479.424456,1860,56.31,57.05
1770904479.437188,1861,53.51,53.98
1770904479.466623,1862,65.88,66.40
1770904479.471587,1863,55.46,55.91
1770904479.487958,1864,55.99,56.75
1770904479.504877,1865,56.95,57.59
1770904479.531685,1866,67.64,68.34
1770904479.534737,1867,54.47,54.96
1770904479.548683,1868,52.56,53.24
1770904479.578846,1869,66.38,66.88
1770904479.578881,1870,51.13,51.69
1770904479.597919,1871,53.56,54.02
